PlayerID,Completions,Pass Attempts,Interceptions,Pass Yards,Passing TDs,Longest Pass,Sacks Taken,Rush Attempts,Rush Yards Gained,Rush Yards Lost,Net Rush Yards,Rushing TDs,Longest Rush,Yards Per Rush,Catches,Receiving Yards,Receiving TDs,Longest Reception,Home Score,Away Score,Season,Total Yards,Total TDs,Year,Fantasy,Team Fantasy
000000,11432.0,20797.0,972.0,150621.0,1035.0,28603.0,1059.0,41723.0,198413.0,20912.0,177501.0,1926.0,23621.0,3142.6,11432.0,150626.0,1035.0,31297.0,26273.0,22171.0,2027613,478748.0,3996.0,2027645,66585.54000000001,45312.94
000001,0.0,0.0,0.0,0.0,0.0,0.0,0.0,0.0,0.0,0.0,0.0,0.0,0.0,0.0,1.0,28.0,0.0,28.0,33.0,0.0,1947,28.0,0.0,1947,3.3000000000000003,0.5
000002,0.0,0.0,0.0,0.0,0.0,0.0,0.0,0.0,0.0,0.0,0.0,0.0,0.0,0.0,13.0,216.0,4.0,25.0,176.0,72.0,13629,216.0,4.0,13629,52.1,6.5
000003,63.0,115.0,7.0,965.0,9.0,0.0,0.0,43.0,139.0,43.0,96.0,2.0,0.0,5.199999999999999,0.0,0.0,0.0,0.0,222.0,110.0,19470,1061.0,11.0,19470,100.2,100.2
000004,61.0,135.0,14.0,916.0,6.0,110.0,0.0,39.0,80.0,186.0,-106.0,0.0,0.0,-46.9,0.0,0.0,0.0,0.0,353.0,168.0,31162,810.0,6.0,31163,34.04,34.04
000005,2.0,3.0,0.0,35.0,0.0,35.0,0.0,136.0,684.0,30.0,654.0,5.0,41.0,85.7,0.0,0.0,0.0,0.0,354.0,189.0,33108,689.0,5.0,33109,96.80000000000001,96.80000000000001
000007,0.0,0.0,0.0,0.0,0.0,0.0,0.0,111.0,561.0,68.0,493.0,5.0,8.0,99.1,17.0,341.0,5.0,132.0,429.0,212.0,37002,834.0,10.0,37003,151.9,87.8
000008,0.0,0.0,0.0,0.0,0.0,0.0,0.0,130.0,649.0,11.0,638.0,4.0,18.0,82.7,7.0,71.0,0.0,31.0,421.0,220.0,37003,709.0,4.0,37004,98.4,91.3
000009,0.0,0.0,0.0,0.0,0.0,0.0,0.0,160.0,602.0,21.0,581.0,11.0,25.0,66.9,7.0,99.0,0.0,7.0,387.0,213.0,35055,680.0,11.0,35056,137.5,127.6
000010,0.0,0.0,0.0,0.0,0.0,0.0,0.0,36.0,221.0,6.0,215.0,5.0,36.0,75.2,3.0,55.0,0.0,13.0,308.0,139.0,23370,270.0,5.0,23371,58.5,53.0
000011,0.0,2.0,1.0,0.0,0.0,0.0,0.0,0.0,0.0,0.0,0.0,0.0,0.0,0.0,0.0,0.0,0.0,0.0,33.0,0.0,1947,0.0,0.0,1947,-2.0,-2.0
000012,0.0,0.0,0.0,0.0,0.0,0.0,0.0,93.0,369.0,10.0,359.0,4.0,4.0,37.1,10.0,146.0,0.0,65.0,222.0,110.0,19470,505.0,4.0,19470,79.5,64.9
000013,0.0,0.0,0.0,0.0,0.0,0.0,0.0,5.0,22.0,0.0,22.0,0.0,0.0,8.3,1.0,3.0,0.0,3.0,46.0,38.0,3894,25.0,0.0,3894,3.0000000000000004,2.7
000014,0.0,0.0,0.0,0.0,0.0,0.0,0.0,1.0,0.0,1.0,-1.0,0.0,0.0,-1.0,0.0,0.0,0.0,0.0,33.0,0.0,1947,-1.0,0.0,1947,-0.1,-0.1
000015,0.0,0.0,0.0,0.0,0.0,0.0,0.0,62.0,313.0,15.0,298.0,1.0,31.0,58.3,4.0,43.0,1.0,26.0,418.0,206.0,35054,341.0,2.0,35055,48.1,37.800000000000004
000016,0.0,0.0,0.0,0.0,0.0,0.0,0.0,12.0,62.0,0.0,62.0,2.0,1.0,8.9,0.0,0.0,0.0,0.0,113.0,0.0,5843,62.0,2.0,5843,18.2,18.2
000017,0.0,0.0,0.0,0.0,0.0,0.0,0.0,0.0,0.0,0.0,0.0,0.0,0.0,0.0,5.0,90.0,1.0,20.0,60.0,45.0,5841,90.0,1.0,5841,17.5,2.5
000018,0.0,0.0,0.0,0.0,0.0,0.0,0.0,4.0,8.0,3.0,5.0,0.0,4.0,3.5,0.0,0.0,0.0,0.0,81.0,7.0,5841,5.0,0.0,5841,0.5,0.5
000019,0.0,1.0,1.0,0.0,0.0,0.0,0.0,128.0,768.0,29.0,739.0,9.0,3.0,62.5,1.0,6.0,0.0,6.0,320.0,200.0,29215,745.0,9.0,29216,127.0,126.4
000020,0.0,0.0,0.0,0.0,0.0,0.0,0.0,5.0,13.0,4.0,9.0,0.0,0.0,1.8,0.0,0.0,0.0,0.0,33.0,0.0,1947,9.0,0.0,1947,0.9,0.9
000021,1.0,1.0,0.0,28.0,1.0,28.0,0.0,32.0,161.0,5.0,156.0,2.0,0.0,28.5,0.0,0.0,0.0,0.0,177.0,72.0,13629,184.0,3.0,13629,34.72,34.72
000022,3.0,3.0,0.0,63.0,2.0,63.0,0.0,16.0,98.0,11.0,87.0,1.0,32.0,52.7,1.0,24.0,0.0,24.0,212.0,71.0,17527,174.0,3.0,17527,32.120000000000005,29.720000000000002
000034,0.0,0.0,0.0,0.0,0.0,0.0,0.0,1.0,16.0,0.0,16.0,0.0,16.0,16.0,0.0,0.0,0.0,0.0,13.0,38.0,1947,16.0,0.0,1947,1.6,1.6
000036,0.0,0.0,0.0,0.0,0.0,0.0,0.0,0.0,0.0,0.0,0.0,0.0,0.0,0.0,15.0,234.0,2.0,91.0,155.0,110.0,15576,234.0,2.0,15576,42.900000000000006,7.5
000038,0.0,0.0,0.0,0.0,0.0,0.0,0.0,0.0,0.0,0.0,0.0,0.0,0.0,0.0,1.0,13.0,0.0,13.0,34.0,0.0,1947,13.0,0.0,1947,1.8,0.5
000039,0.0,0.0,0.0,0.0,0.0,0.0,0.0,0.0,0.0,0.0,0.0,0.0,0.0,0.0,17.0,236.0,0.0,109.0,262.0,130.0,21424,236.0,0.0,21425,32.1,8.5
000061,0.0,0.0,0.0,0.0,0.0,0.0,0.0,0.0,0.0,0.0,0.0,0.0,0.0,0.0,10.0,152.0,2.0,97.0,137.0,69.0,13633,152.0,2.0,13633,32.2,5.0
000123,0.0,0.0,0.0,0.0,0.0,0.0,0.0,0.0,0.0,0.0,0.0,0.0,0.0,0.0,1.0,12.0,0.0,12.0,20.0,0.0,1947,12.0,0.0,1947,1.7000000000000002,0.5
000146,10.0,19.0,1.0,162.0,0.0,18.0,0.0,3.0,2.0,11.0,-9.0,0.0,2.0,-9.0,0.0,0.0,0.0,0.0,135.0,41.0,9740,153.0,0.0,9740,3.5799999999999996,3.5799999999999996
000157,0.0,0.0,0.0,0.0,0.0,0.0,0.0,1.0,0.0,7.0,-7.0,0.0,0.0,-7.0,43.0,716.0,8.0,107.0,303.0,261.0,29240,709.0,8.0,29241,140.4,20.8
000159,0.0,0.0,0.0,0.0,0.0,0.0,0.0,0.0,0.0,0.0,0.0,0.0,0.0,0.0,4.0,62.0,0.0,25.0,74.0,27.0,5844,62.0,0.0,5844,8.2,2.0
000164,1.0,1.0,0.0,7.0,0.0,7.0,0.0,7.0,8.0,31.0,-23.0,0.0,0.0,-15.0,0.0,0.0,0.0,0.0,98.0,40.0,7792,-16.0,0.0,7792,-2.0200000000000005,-2.0200000000000005
000170,0.0,0.0,0.0,0.0,0.0,0.0,0.0,0.0,0.0,0.0,0.0,0.0,0.0,0.0,2.0,31.0,0.0,0.0,34.0,7.0,1948,31.0,0.0,1948,4.1,1.0
000181,0.0,0.0,0.0,0.0,0.0,0.0,0.0,92.0,355.0,20.0,335.0,1.0,9.0,35.5,8.0,92.0,0.0,47.0,201.0,185.0,19498,427.0,1.0,19498,52.7,43.5
000185,0.0,0.0,0.0,0.0,0.0,0.0,0.0,3.0,4.0,1.0,3.0,1.0,0.0,1.0,0.0,0.0,0.0,0.0,47.0,0.0,1948,3.0,1.0,1948,6.3,6.3
000187,0.0,0.0,0.0,0.0,0.0,0.0,0.0,0.0,0.0,0.0,0.0,0.0,0.0,0.0,2.0,52.0,0.0,0.0,47.0,0.0,1948,52.0,0.0,1948,6.2,1.0
000266,71.0,133.0,9.0,1058.0,8.0,79.0,0.0,59.0,159.0,238.0,-79.0,4.0,0.0,-14.6,0.0,0.0,0.0,0.0,189.0,211.0,21450,979.0,12.0,21451,88.42,88.42
000267,24.0,49.0,4.0,539.0,5.0,46.0,0.0,50.0,121.0,45.0,76.0,0.0,1.0,-1.8000000000000003,0.0,0.0,0.0,0.0,205.0,229.0,25358,615.0,5.0,25358,51.160000000000004,51.160000000000004
000268,10.0,28.0,2.0,142.0,2.0,9.0,0.0,58.0,234.0,108.0,126.0,1.0,0.0,11.2,0.0,0.0,0.0,0.0,156.0,154.0,19509,268.0,3.0,19509,32.28,32.28
000270,1.0,2.0,1.0,30.0,0.0,30.0,0.0,305.0,1245.0,59.0,1186.0,15.0,15.0,62.6,6.0,47.0,0.0,56.0,235.0,258.0,31205,1263.0,15.0,31206,215.5,210.8
000271,8.0,18.0,1.0,147.0,0.0,33.0,0.0,326.0,1826.0,102.0,1724.0,14.0,0.0,144.4,28.0,528.0,6.0,185.0,539.0,565.0,58531,2399.0,20.0,58533,363.08,274.28000000000003
000273,0.0,1.0,0.0,0.0,0.0,0.0,0.0,24.0,65.0,11.0,54.0,0.0,5.0,9.9,0.0,0.0,0.0,0.0,130.0,164.0,13650,54.0,0.0,13650,5.4,5.4
000274,0.0,0.0,0.0,0.0,0.0,0.0,0.0,7.0,28.0,0.0,28.0,0.0,9.0,13.8,0.0,0.0,0.0,0.0,66.0,54.0,7800,28.0,0.0,7801,2.8000000000000003,2.8000000000000003
000275,0.0,0.0,0.0,0.0,0.0,0.0,0.0,39.0,171.0,7.0,164.0,2.0,2.0,23.9,0.0,0.0,0.0,0.0,163.0,150.0,17554,164.0,2.0,17554,28.400000000000002,28.400000000000002
000276,0.0,0.0,0.0,0.0,0.0,0.0,0.0,3.0,16.0,12.0,4.0,0.0,7.0,5.5,64.0,987.0,8.0,228.0,418.0,471.0,48776,991.0,8.0,48777,179.1,32.4
000277,0.0,0.0,0.0,0.0,0.0,0.0,0.0,0.0,0.0,0.0,0.0,0.0,0.0,0.0,2.0,39.0,0.0,39.0,27.0,42.0,3900,39.0,0.0,3900,4.9,1.0
000278,0.0,0.0,0.0,0.0,0.0,0.0,0.0,27.0,113.0,2.0,111.0,0.0,0.0,20.2,3.0,45.0,1.0,0.0,73.0,89.0,9750,156.0,1.0,9751,23.1,12.6
000293,0.0,0.0,0.0,0.0,0.0,0.0,0.0,1.0,0.0,5.0,-5.0,0.0,0.0,-5.0,0.0,0.0,0.0,0.0,13.0,14.0,1950,-5.0,0.0,1950,-0.5,-0.5
000298,0.0,0.0,0.0,0.0,0.0,0.0,0.0,0.0,0.0,0.0,0.0,0.0,0.0,0.0,1.0,20.0,0.0,20.0,13.0,14.0,1950,20.0,0.0,1950,2.5,0.5
000307,0.0,0.0,0.0,0.0,0.0,0.0,0.0,1.0,0.0,8.0,-8.0,0.0,0.0,-8.0,4.0,34.0,0.0,17.0,60.0,75.0,7801,26.0,0.0,7801,4.6000000000000005,1.2
000308,0.0,0.0,0.0,0.0,0.0,0.0,0.0,30.0,135.0,1.0,134.0,1.0,5.0,27.8,0.0,0.0,0.0,0.0,73.0,90.0,9750,134.0,1.0,9750,19.400000000000002,19.400000000000002
000312,0.0,0.0,0.0,0.0,0.0,0.0,0.0,8.0,40.0,0.0,40.0,0.0,0.0,13.5,0.0,0.0,0.0,0.0,45.0,41.0,5850,40.0,0.0,5850,4.0,4.0
000317,0.0,0.0,0.0,0.0,0.0,0.0,0.0,4.0,9.0,2.0,7.0,0.0,1.0,3.0,0.0,0.0,0.0,0.0,24.0,35.0,3900,7.0,0.0,3900,0.7000000000000001,0.7000000000000001
000321,0.0,0.0,0.0,0.0,0.0,0.0,0.0,0.0,0.0,0.0,0.0,0.0,0.0,0.0,1.0,9.0,0.0,9.0,7.0,35.0,1950,9.0,0.0,1950,1.4,0.5
000387,0.0,0.0,0.0,0.0,0.0,0.0,0.0,336.0,1473.0,7.0,1466.0,6.0,0.0,87.3,0.0,0.0,0.0,0.0,378.0,375.0,40982,1466.0,6.0,40983,182.60000000000002,182.60000000000002
000389,2.0,6.0,1.0,23.0,2.0,23.0,0.0,128.0,547.0,38.0,509.0,3.0,0.0,40.6,2.0,45.0,1.0,45.0,164.0,147.0,19510,577.0,6.0,19510,91.32000000000001,80.82000000000001
000392,0.0,0.0,0.0,0.0,0.0,0.0,0.0,22.0,48.0,29.0,19.0,2.0,4.0,5.5,3.0,52.0,1.0,52.0,106.0,86.0,11706,71.0,3.0,11706,26.6,15.4
000399,14.0,46.0,3.0,254.0,3.0,130.0,0.0,22.0,24.0,59.0,-35.0,0.0,8.0,-2.5,0.0,0.0,0.0,0.0,298.0,222.0,29285,219.0,3.0,29285,18.66,18.66
000406,0.0,0.0,0.0,0.0,0.0,0.0,0.0,1.0,5.0,0.0,5.0,1.0,5.0,5.0,1.0,11.0,0.0,11.0,45.0,20.0,1951,16.0,1.0,1951,8.1,7.0
000407,0.0,0.0,0.0,0.0,0.0,0.0,0.0,0.0,0.0,0.0,0.0,0.0,0.0,0.0,19.0,381.0,1.0,257.0,346.0,251.0,29282,381.0,1.0,29283,53.6,9.5
000410,1.0,1.0,0.0,11.0,0.0,11.0,0.0,1.0,1.0,0.0,1.0,0.0,1.0,1.0,1.0,23.0,0.0,23.0,59.0,26.0,3902,35.0,0.0,3902,3.3400000000000003,1.04
000431,0.0,0.0,0.0,0.0,0.0,0.0,0.0,4.0,14.0,0.0,14.0,0.0,0.0,3.5,0.0,0.0,0.0,0.0,14.0,6.0,1951,14.0,0.0,1951,1.4000000000000001,1.4000000000000001
000470,65.0,138.0,13.0,1050.0,7.0,44.0,0.0,87.0,424.0,118.0,306.0,4.0,0.0,48.1,0.0,0.0,0.0,0.0,214.0,228.0,21472,1356.0,11.0,21473,112.60000000000001,112.60000000000001
000474,1.0,2.0,1.0,15.0,0.0,15.0,0.0,42.0,150.0,28.0,122.0,0.0,0.0,14.0,4.0,29.0,0.0,0.0,126.0,167.0,13664,166.0,0.0,13664,15.700000000000001,12.8
000476,1.0,6.0,1.0,12.0,0.0,12.0,0.0,277.0,1418.0,77.0,1341.0,15.0,3.0,117.3,16.0,230.0,2.0,46.0,526.0,439.0,52730,1583.0,17.0,52731,265.58000000000004,230.58
000477,0.0,0.0,0.0,0.0,0.0,0.0,0.0,141.0,535.0,8.0,527.0,7.0,8.0,44.3,1.0,18.0,0.0,18.0,245.0,214.0,27338,545.0,7.0,27339,97.0,95.2
000479,1.0,1.0,0.0,10.0,0.0,10.0,0.0,57.0,234.0,30.0,204.0,2.0,0.0,28.7,10.0,118.0,2.0,32.0,250.0,227.0,25394,332.0,4.0,25394,61.6,37.8
000480,0.0,2.0,0.0,0.0,0.0,0.0,0.0,61.0,278.0,5.0,273.0,1.0,13.0,63.1,2.0,77.0,1.0,77.0,329.0,315.0,33208,350.0,2.0,33209,48.0,34.300000000000004
000486,0.0,0.0,0.0,0.0,0.0,0.0,0.0,4.0,18.0,0.0,18.0,0.0,12.0,15.0,0.0,0.0,0.0,0.0,67.0,35.0,5856,18.0,0.0,5857,1.8000000000000003,1.8000000000000003
000507,0.0,0.0,0.0,0.0,0.0,0.0,0.0,0.0,0.0,0.0,0.0,0.0,0.0,0.0,13.0,189.0,0.0,57.0,112.0,155.0,13669,189.0,0.0,13669,25.400000000000002,6.5
000510,0.0,0.0,0.0,0.0,0.0,0.0,0.0,0.0,0.0,0.0,0.0,0.0,0.0,0.0,16.0,220.0,0.0,44.0,178.0,115.0,15626,220.0,0.0,15626,30.0,8.0
000512,0.0,0.0,0.0,0.0,0.0,0.0,0.0,9.0,31.0,0.0,31.0,0.0,0.0,10.3,0.0,0.0,0.0,0.0,82.0,41.0,5856,31.0,0.0,5856,3.1000000000000005,3.1000000000000005
000577,7.0,15.0,3.0,93.0,0.0,42.0,0.0,40.0,102.0,49.0,53.0,2.0,0.0,7.2,5.0,93.0,0.0,49.0,308.0,241.0,29309,239.0,2.0,29309,26.82,17.520000000000003
000578,75.0,168.0,19.0,1174.0,9.0,160.0,0.0,100.0,324.0,39.0,285.0,8.0,1.0,55.4,0.0,0.0,0.0,0.0,558.0,477.0,58620,1459.0,17.0,58620,139.46,139.46
000579,7.0,15.0,2.0,84.0,1.0,20.0,0.0,238.0,1097.0,33.0,1064.0,10.0,4.0,122.1,18.0,312.0,4.0,147.0,490.0,456.0,54713,1460.0,15.0,54713,235.96,180.76000000000002
000580,12.0,35.0,6.0,192.0,1.0,25.0,0.0,23.0,41.0,35.0,6.0,2.0,1.0,-7.7,0.0,0.0,0.0,0.0,208.0,132.0,17581,198.0,3.0,17581,14.28,14.28
000581,1.0,1.0,0.0,14.0,0.0,14.0,0.0,6.0,5.0,2.0,3.0,0.0,3.0,3.0,0.0,0.0,0.0,0.0,88.0,28.0,5860,17.0,0.0,5860,0.8600000000000001,0.8600000000000001
000582,0.0,1.0,0.0,0.0,0.0,0.0,0.0,9.0,29.0,4.0,25.0,1.0,0.0,11.2,1.0,14.0,0.0,14.0,89.0,26.0,5859,39.0,1.0,5859,10.4,9.0
000583,0.0,0.0,0.0,0.0,0.0,0.0,0.0,0.0,0.0,0.0,0.0,0.0,0.0,0.0,43.0,735.0,6.0,238.0,407.0,339.0,44946,735.0,6.0,44946,131.0,21.5
000585,0.0,0.0,0.0,0.0,0.0,0.0,0.0,109.0,376.0,13.0,363.0,1.0,2.0,52.4,0.0,0.0,0.0,0.0,304.0,241.0,35162,363.0,1.0,35162,42.300000000000004,42.300000000000004
000588,0.0,0.0,0.0,0.0,0.0,0.0,0.0,0.0,0.0,0.0,0.0,0.0,0.0,0.0,4.0,83.0,0.0,83.0,81.0,38.0,7812,83.0,0.0,7812,10.3,2.0
000598,0.0,0.0,0.0,0.0,0.0,0.0,0.0,34.0,119.0,10.0,109.0,2.0,3.0,23.5,3.0,51.0,0.0,51.0,184.0,125.0,17578,160.0,2.0,17578,29.500000000000004,24.400000000000002
000599,0.0,0.0,0.0,0.0,0.0,0.0,0.0,60.0,380.0,16.0,364.0,1.0,79.0,119.7,6.0,87.0,1.0,52.0,423.0,326.0,41035,451.0,2.0,41035,60.1,45.400000000000006
000605,0.0,0.0,0.0,0.0,0.0,0.0,0.0,0.0,0.0,0.0,0.0,0.0,0.0,0.0,1.0,25.0,1.0,25.0,41.0,12.0,1953,25.0,1.0,1953,9.0,0.5
000612,0.0,0.0,0.0,0.0,0.0,0.0,0.0,88.0,291.0,20.0,271.0,2.0,6.0,48.0,14.0,167.0,2.0,36.0,358.0,292.0,35177,438.0,4.0,35177,74.8,46.1
000620,0.0,0.0,0.0,0.0,0.0,0.0,0.0,4.0,5.0,8.0,-3.0,0.0,0.0,-6.5,0.0,0.0,0.0,0.0,42.0,39.0,5859,-3.0,0.0,5859,-0.30000000000000004,-0.30000000000000004
000634,0.0,0.0,0.0,0.0,0.0,0.0,0.0,0.0,0.0,0.0,0.0,0.0,0.0,0.0,3.0,38.0,0.0,38.0,34.0,53.0,5859,38.0,0.0,5859,5.3,1.5
000664,17.0,48.0,6.0,237.0,0.0,12.0,0.0,12.0,-3.0,24.0,-27.0,0.0,3.0,-17.0,0.0,0.0,0.0,0.0,247.0,225.0,29318,210.0,0.0,29318,-5.22,-5.22
000716,0.0,0.0,0.0,0.0,0.0,0.0,0.0,77.0,316.0,20.0,296.0,4.0,4.0,44.6,0.0,0.0,0.0,0.0,293.0,178.0,29320,296.0,4.0,29320,53.6,53.6
000720,0.0,0.0,0.0,0.0,0.0,0.0,0.0,10.0,31.0,0.0,31.0,0.0,4.0,13.2,0.0,0.0,0.0,0.0,110.0,47.0,9770,31.0,0.0,9770,3.1000000000000005,3.1000000000000005
000732,0.0,0.0,0.0,0.0,0.0,0.0,0.0,0.0,0.0,0.0,0.0,0.0,0.0,0.0,2.0,16.0,0.0,16.0,28.0,14.0,3908,16.0,0.0,3908,2.6,1.0
000733,0.0,0.0,0.0,0.0,0.0,0.0,0.0,0.0,0.0,0.0,0.0,0.0,0.0,0.0,6.0,85.0,0.0,56.0,81.0,98.0,9776,85.0,0.0,9776,11.5,3.0
000734,0.0,0.0,0.0,0.0,0.0,0.0,0.0,0.0,0.0,0.0,0.0,0.0,0.0,0.0,15.0,178.0,1.0,31.0,142.0,146.0,17593,178.0,1.0,17593,31.3,7.5
000743,0.0,0.0,0.0,0.0,0.0,0.0,0.0,8.0,23.0,0.0,23.0,0.0,0.0,2.9,1.0,8.0,0.0,8.0,75.0,35.0,3909,31.0,0.0,3909,3.6000000000000005,2.8000000000000003
000746,0.0,0.0,0.0,0.0,0.0,0.0,0.0,2.0,7.0,0.0,7.0,0.0,0.0,3.5,0.0,0.0,0.0,0.0,40.0,14.0,1954,7.0,0.0,1954,0.7000000000000001,0.7000000000000001
000749,0.0,0.0,0.0,0.0,0.0,0.0,0.0,1.0,1.0,0.0,1.0,0.0,1.0,1.0,0.0,0.0,0.0,0.0,40.0,14.0,1954,1.0,0.0,1954,0.1,0.1
000750,0.0,0.0,0.0,0.0,0.0,0.0,0.0,2.0,-19.0,0.0,-19.0,0.0,0.0,-9.5,0.0,0.0,0.0,0.0,40.0,14.0,1954,-19.0,0.0,1954,-1.9000000000000001,-1.9000000000000001
000751,0.0,0.0,0.0,0.0,0.0,0.0,0.0,0.0,0.0,0.0,0.0,0.0,0.0,0.0,4.0,51.0,0.0,28.0,60.0,41.0,5862,51.0,0.0,5862,7.1000000000000005,2.0
000772,0.0,0.0,0.0,0.0,0.0,0.0,0.0,49.0,256.0,12.0,244.0,3.0,12.0,44.2,9.0,129.0,1.0,30.0,230.0,238.0,23454,373.0,4.0,23454,65.80000000000001,46.9
000839,12.0,39.0,4.0,203.0,3.0,36.0,0.0,223.0,1137.0,67.0,1070.0,9.0,0.0,98.5,36.0,476.0,4.0,99.0,362.0,412.0,39110,1749.0,16.0,39110,268.72,197.12
000849,0.0,0.0,0.0,0.0,0.0,0.0,0.0,0.0,0.0,0.0,0.0,0.0,0.0,0.0,6.0,59.0,0.0,0.0,34.0,59.0,5867,59.0,0.0,5867,8.9,3.0
000851,0.0,0.0,0.0,0.0,0.0,0.0,0.0,87.0,301.0,13.0,288.0,0.0,6.0,47.5,2.0,-2.0,0.0,2.0,224.0,243.0,27383,286.0,0.0,27383,29.6,29.8
000852,142.0,288.0,30.0,1670.0,13.0,24.0,0.0,91.0,343.0,172.0,171.0,4.0,16.0,23.8,0.0,0.0,0.0,0.0,410.0,483.0,46938,1841.0,17.0,46938,125.9,125.9
000853,0.0,0.0,0.0,0.0,0.0,0.0,0.0,16.0,48.0,7.0,41.0,0.0,0.0,6.4,19.0,266.0,0.0,58.0,254.0,311.0,25423,307.0,0.0,25423,40.2,13.6
000868,0.0,0.0,0.0,0.0,0.0,0.0,0.0,30.0,100.0,17.0,83.0,0.0,15.0,21.4,6.0,72.0,0.0,27.0,208.0,224.0,23476,155.0,0.0,23476,18.5,11.3
000909,0.0,0.0,0.0,0.0,0.0,0.0,0.0,2.0,2.0,1.0,1.0,0.0,2.0,1.0,1.0,16.0,0.0,16.0,58.0,79.0,5866,17.0,0.0,5866,2.2,0.6
000910,0.0,0.0,0.0,0.0,0.0,0.0,0.0,7.0,13.0,0.0,13.0,1.0,3.0,6.3,1.0,15.0,0.0,15.0,73.0,81.0,5865,28.0,1.0,5865,9.299999999999999,7.8
000911,0.0,0.0,0.0,0.0,0.0,0.0,0.0,4.0,9.0,1.0,8.0,0.0,3.0,4.7,0.0,0.0,0.0,0.0,38.0,35.0,3910,8.0,0.0,3910,0.8,0.8
000969,40.0,82.0,5.0,543.0,2.0,1.0,0.0,33.0,91.0,104.0,-13.0,0.0,8.0,-8.1,0.0,0.0,0.0,0.0,237.0,230.0,27398,530.0,2.0,27398,22.42,22.42
000972,0.0,0.0,0.0,0.0,0.0,0.0,0.0,17.0,54.0,6.0,48.0,0.0,17.0,28.3,3.0,55.0,1.0,55.0,160.0,196.0,17604,103.0,1.0,17604,17.8,6.300000000000001
000974,0.0,0.0,0.0,0.0,0.0,0.0,0.0,34.0,92.0,2.0,90.0,0.0,5.0,17.8,7.0,28.0,0.0,20.0,151.0,183.0,17604,118.0,0.0,17604,15.3,12.5
000975,0.0,0.0,0.0,0.0,0.0,0.0,0.0,0.0,0.0,0.0,0.0,0.0,0.0,0.0,11.0,153.0,0.0,45.0,93.0,117.0,11736,153.0,0.0,11736,20.8,5.5
000976,0.0,0.0,0.0,0.0,0.0,0.0,0.0,0.0,0.0,0.0,0.0,0.0,0.0,0.0,46.0,668.0,6.0,175.0,377.0,380.0,43052,668.0,6.0,43052,125.8,23.0
000980,2.0,3.0,0.0,31.0,0.0,16.0,0.0,9.0,35.0,0.0,35.0,0.0,5.0,12.8,4.0,39.0,0.0,16.0,124.0,97.0,11736,105.0,0.0,11736,10.64,6.74
000986,0.0,0.0,0.0,0.0,0.0,0.0,0.0,3.0,10.0,0.0,10.0,0.0,4.0,7.0,1.0,13.0,0.0,13.0,52.0,7.0,3912,23.0,0.0,3912,2.8000000000000003,1.5
000992,0.0,0.0,0.0,0.0,0.0,0.0,0.0,0.0,0.0,0.0,0.0,0.0,0.0,0.0,1.0,8.0,0.0,8.0,6.0,7.0,1956,8.0,0.0,1956,1.3,0.5
000999,0.0,0.0,0.0,0.0,0.0,0.0,0.0,6.0,11.0,0.0,11.0,0.0,3.0,5.7,4.0,60.0,0.0,28.0,80.0,59.0,7824,71.0,0.0,7824,9.1,3.1
001009,0.0,0.0,0.0,0.0,0.0,0.0,0.0,7.0,21.0,5.0,16.0,0.0,0.0,7.2,0.0,0.0,0.0,0.0,42.0,84.0,5868,16.0,0.0,5868,1.6,1.6
001010,0.0,0.0,0.0,0.0,0.0,0.0,0.0,1.0,-8.0,0.0,-8.0,0.0,0.0,-8.0,0.0,0.0,0.0,0.0,0.0,45.0,1956,-8.0,0.0,1956,-0.8,-0.8
001011,0.0,0.0,0.0,0.0,0.0,0.0,0.0,146.0,645.0,9.0,636.0,2.0,5.0,114.7,6.0,64.0,1.0,50.0,452.0,360.0,46988,700.0,3.0,46989,91.0,78.60000000000001
001017,1.0,2.0,0.0,-1.0,0.0,0.0,0.0,3.0,0.0,3.0,-3.0,0.0,0.0,-1.5,1.0,14.0,0.0,14.0,53.0,66.0,5869,10.0,0.0,5869,1.56,0.15999999999999998
001047,0.0,0.0,0.0,0.0,0.0,0.0,0.0,0.0,0.0,0.0,0.0,0.0,0.0,0.0,3.0,39.0,0.0,39.0,93.0,27.0,5868,39.0,0.0,5868,5.4,1.5
001055,0.0,0.0,0.0,0.0,0.0,0.0,0.0,0.0,0.0,0.0,0.0,0.0,0.0,0.0,1.0,9.0,1.0,9.0,19.0,20.0,1956,9.0,1.0,1956,7.4,0.5
001078,1.0,4.0,0.0,47.0,0.0,47.0,0.0,12.0,24.0,18.0,6.0,0.0,0.0,0.7000000000000001,0.0,0.0,0.0,0.0,67.0,34.0,3912,53.0,0.0,3912,2.48,2.48
001099,43.0,116.0,11.0,681.0,5.0,209.0,0.0,146.0,329.0,118.0,211.0,15.0,18.0,40.4,0.0,0.0,0.0,0.0,484.0,399.0,60699,892.0,20.0,60700,146.34,146.34
001100,33.0,49.0,4.0,428.0,5.0,34.0,0.0,78.0,205.0,58.0,147.0,2.0,0.0,11.3,0.0,0.0,0.0,0.0,121.0,141.0,19570,575.0,7.0,19570,65.82,65.82
001102,0.0,0.0,0.0,0.0,0.0,0.0,0.0,262.0,1067.0,4.0,1063.0,13.0,0.0,137.7,1.0,17.0,0.0,17.0,484.0,399.0,60699,1080.0,13.0,60700,186.5,184.8
001104,0.0,0.0,0.0,0.0,0.0,0.0,0.0,15.0,53.0,1.0,52.0,0.0,3.0,12.4,2.0,34.0,0.0,0.0,53.0,82.0,9785,86.0,0.0,9785,9.6,6.2
001105,2.0,4.0,0.0,40.0,1.0,40.0,0.0,55.0,170.0,20.0,150.0,0.0,0.0,26.6,9.0,97.0,1.0,41.0,121.0,141.0,19570,287.0,2.0,19570,42.8,27.1
001106,0.0,0.0,0.0,0.0,0.0,0.0,0.0,106.0,379.0,15.0,364.0,0.0,3.0,73.5,1.0,14.0,0.0,14.0,354.0,275.0,43070,378.0,0.0,43070,38.300000000000004,36.900000000000006
001108,2.0,9.0,1.0,20.0,0.0,20.0,0.0,162.0,718.0,49.0,669.0,4.0,3.0,111.7,18.0,213.0,3.0,89.0,379.0,334.0,48945,902.0,7.0,48946,138.0,98.7
001111,17.0,33.0,1.0,216.0,3.0,130.0,0.0,199.0,1032.0,38.0,994.0,9.0,18.0,134.0,23.0,281.0,3.0,95.0,462.0,353.0,56784,1491.0,15.0,56785,235.64000000000001,189.54000000000002
001119,0.0,0.0,0.0,0.0,0.0,0.0,0.0,0.0,0.0,0.0,0.0,0.0,0.0,0.0,5.0,79.0,0.0,45.0,34.0,22.0,5871,79.0,0.0,5871,10.4,2.5
001131,0.0,0.0,0.0,0.0,0.0,0.0,0.0,0.0,0.0,0.0,0.0,0.0,0.0,0.0,7.0,115.0,0.0,81.0,106.0,90.0,11745,115.0,0.0,11745,15.0,3.5
001132,0.0,0.0,0.0,0.0,0.0,0.0,0.0,0.0,0.0,0.0,0.0,0.0,0.0,0.0,1.0,8.0,1.0,8.0,21.0,27.0,1957,8.0,1.0,1957,7.3,0.5
001147,0.0,0.0,0.0,0.0,0.0,0.0,0.0,0.0,0.0,0.0,0.0,0.0,0.0,0.0,6.0,119.0,1.0,119.0,75.0,77.0,11748,119.0,1.0,11748,20.900000000000002,3.0
001217,1.0,9.0,1.0,-3.0,0.0,0.0,0.0,128.0,531.0,16.0,515.0,1.0,10.0,122.1,11.0,116.0,1.0,91.0,393.0,348.0,54852,628.0,2.0,54853,78.48,60.88
001219,4.0,7.0,0.0,31.0,0.0,31.0,0.0,42.0,196.0,3.0,193.0,0.0,3.0,51.4,3.0,26.0,0.0,26.0,225.0,117.0,21539,250.0,0.0,21539,24.64,22.040000000000003
001221,1.0,13.0,2.0,11.0,0.0,11.0,0.0,15.0,28.0,11.0,17.0,0.0,20.0,8.3,0.0,0.0,0.0,0.0,187.0,109.0,19584,28.0,0.0,19584,-1.8599999999999994,-1.8599999999999994
001226,0.0,2.0,1.0,0.0,0.0,0.0,0.0,46.0,164.0,20.0,144.0,0.0,33.0,53.5,10.0,95.0,1.0,44.0,267.0,221.0,33297,239.0,1.0,33297,32.900000000000006,17.400000000000002
001237,7.0,12.0,1.0,89.0,1.0,34.0,0.0,12.0,44.0,34.0,10.0,0.0,4.0,5.6,11.0,172.0,3.0,136.0,246.0,149.0,27426,271.0,4.0,27426,49.26,14.06
001256,0.0,0.0,0.0,0.0,0.0,0.0,0.0,0.0,0.0,0.0,0.0,0.0,0.0,0.0,5.0,96.0,0.0,38.0,44.0,47.0,5876,96.0,0.0,5876,12.100000000000001,2.5
001267,0.0,0.0,0.0,0.0,0.0,0.0,0.0,0.0,0.0,0.0,0.0,0.0,0.0,0.0,4.0,35.0,1.0,12.0,73.0,33.0,5874,35.0,1.0,5874,11.5,2.0
001336,0.0,0.0,0.0,0.0,0.0,0.0,0.0,1.0,6.0,0.0,6.0,0.0,6.0,6.0,0.0,0.0,0.0,0.0,27.0,0.0,1958,6.0,0.0,1958,0.6000000000000001,0.6000000000000001
001338,0.0,0.0,0.0,0.0,0.0,0.0,0.0,2.0,5.0,0.0,5.0,0.0,0.0,2.5,0.0,0.0,0.0,0.0,27.0,0.0,1958,5.0,0.0,1958,0.5,0.5
001341,91.0,174.0,13.0,1277.0,12.0,103.0,0.0,194.0,630.0,228.0,402.0,9.0,19.0,68.1,1.0,-3.0,0.0,0.0,481.0,445.0,64680,1676.0,21.0,64682,191.48,191.78
001344,16.0,40.0,3.0,196.0,3.0,127.0,0.0,190.0,904.0,46.0,858.0,7.0,105.0,160.79999999999998,31.0,506.0,9.0,317.0,474.0,433.0,62720,1560.0,19.0,62722,267.74,163.14000000000001
001348,0.0,2.0,1.0,0.0,0.0,0.0,0.0,59.0,235.0,13.0,222.0,2.0,55.0,104.1,0.0,0.0,0.0,0.0,395.0,295.0,48997,222.0,2.0,48999,32.2,32.2
001349,7.0,12.0,0.0,103.0,2.0,93.0,0.0,266.0,1662.0,68.0,1594.0,12.0,49.0,183.29999999999998,19.0,326.0,1.0,222.0,481.0,445.0,64680,2023.0,15.0,64682,295.62,257.02
001350,4.0,10.0,1.0,39.0,2.0,12.0,0.0,25.0,91.0,1.0,90.0,0.0,11.0,30.9,2.0,16.0,0.0,16.0,129.0,112.0,17631,145.0,2.0,17631,23.160000000000004,21.560000000000002
001382,0.0,0.0,0.0,0.0,0.0,0.0,0.0,0.0,0.0,0.0,0.0,0.0,0.0,0.0,18.0,259.0,6.0,168.0,261.0,145.0,23527,259.0,6.0,23527,70.9,9.0
001486,0.0,0.0,0.0,0.0,0.0,0.0,0.0,313.0,1214.0,22.0,1192.0,11.0,24.0,112.1,14.0,207.0,1.0,87.0,361.0,375.0,52946,1399.0,12.0,52947,218.9,192.20000000000002
001487,0.0,0.0,0.0,0.0,0.0,0.0,0.0,16.0,68.0,4.0,64.0,0.0,19.0,37.3,0.0,0.0,0.0,0.0,46.0,94.0,13720,64.0,0.0,13720,6.4,6.4
001489,0.0,0.0,0.0,0.0,0.0,0.0,0.0,36.0,139.0,0.0,139.0,1.0,29.0,52.4,0.0,0.0,0.0,0.0,163.0,193.0,29416,139.0,1.0,29418,19.900000000000002,19.900000000000002
001491,0.0,0.0,0.0,0.0,0.0,0.0,0.0,84.0,295.0,6.0,289.0,2.0,16.0,48.5,12.0,133.0,0.0,41.0,197.0,219.0,29407,422.0,2.0,29408,60.2,46.900000000000006
001492,0.0,0.0,0.0,0.0,0.0,0.0,0.0,199.0,1016.0,14.0,1002.0,16.0,37.0,126.8,5.0,35.0,1.0,22.0,373.0,389.0,50989,1037.0,17.0,50990,208.20000000000002,198.70000000000002
001495,53.0,101.0,6.0,694.0,3.0,138.0,0.0,80.0,272.0,59.0,213.0,1.0,25.0,66.1,1.0,38.0,0.0,38.0,374.0,360.0,50990,945.0,4.0,50991,65.36,61.56
001499,0.0,0.0,0.0,0.0,0.0,0.0,0.0,31.0,121.0,1.0,120.0,0.0,29.0,56.9,4.0,97.0,1.0,97.0,285.0,237.0,29411,217.0,1.0,29411,29.700000000000003,14.0
001546,0.0,0.0,0.0,0.0,0.0,0.0,0.0,0.0,0.0,0.0,0.0,0.0,0.0,0.0,5.0,49.0,0.0,49.0,56.0,64.0,9804,49.0,0.0,9804,7.4,2.5
001562,0.0,0.0,0.0,0.0,0.0,0.0,0.0,0.0,0.0,0.0,0.0,0.0,0.0,0.0,17.0,229.0,2.0,121.0,152.0,115.0,19615,229.0,2.0,19615,43.4,8.5
001565,1.0,1.0,0.0,36.0,0.0,36.0,0.0,8.0,30.0,0.0,30.0,0.0,3.0,13.7,1.0,18.0,0.0,18.0,47.0,36.0,7840,84.0,0.0,7840,6.74,4.94
001619,56.0,136.0,6.0,911.0,3.0,44.0,0.0,187.0,778.0,187.0,591.0,4.0,13.0,76.7,0.0,0.0,0.0,0.0,440.0,351.0,51015,1502.0,7.0,51016,125.54,125.54
001624,0.0,0.0,0.0,0.0,0.0,0.0,0.0,14.0,57.0,0.0,57.0,0.0,14.0,21.0,0.0,0.0,0.0,0.0,181.0,96.0,13727,57.0,0.0,13727,5.7,5.7
001625,0.0,0.0,0.0,0.0,0.0,0.0,0.0,0.0,0.0,0.0,0.0,0.0,0.0,0.0,28.0,376.0,1.0,144.0,193.0,182.0,29433,376.0,1.0,29435,57.6,14.0
001628,0.0,0.0,0.0,0.0,0.0,0.0,0.0,0.0,0.0,0.0,0.0,0.0,0.0,0.0,29.0,440.0,2.0,159.0,221.0,219.0,33359,440.0,2.0,33360,70.5,14.5
001629,0.0,0.0,0.0,0.0,0.0,0.0,0.0,371.0,1660.0,26.0,1634.0,18.0,57.0,143.1,19.0,151.0,0.0,97.0,511.0,428.0,64746,1785.0,18.0,64749,296.0,280.90000000000003
001632,61.0,154.0,11.0,774.0,3.0,64.0,0.0,60.0,242.0,121.0,121.0,4.0,39.0,23.7,0.0,0.0,0.0,0.0,402.0,259.0,43167,895.0,7.0,43169,63.06,63.06
001758,0.0,0.0,0.0,0.0,0.0,0.0,0.0,0.0,0.0,0.0,0.0,0.0,0.0,0.0,9.0,125.0,0.0,43.0,63.0,87.0,11773,125.0,0.0,11774,17.0,4.5
001765,5.0,12.0,0.0,74.0,0.0,9.0,0.0,232.0,1005.0,33.0,972.0,12.0,98.0,101.4,21.0,270.0,0.0,85.0,361.0,261.0,45151,1316.0,12.0,45153,209.66,182.66
001766,0.0,1.0,0.0,0.0,0.0,0.0,0.0,118.0,379.0,34.0,345.0,2.0,35.0,71.7,11.0,118.0,1.0,98.0,390.0,319.0,49082,463.0,3.0,49085,69.8,52.0
001767,20.0,45.0,1.0,351.0,2.0,21.0,0.0,13.0,22.0,12.0,10.0,1.0,13.0,5.0,7.0,96.0,0.0,24.0,185.0,178.0,25518,457.0,3.0,25519,44.14,34.540000000000006
001785,0.0,0.0,0.0,0.0,0.0,0.0,0.0,20.0,128.0,3.0,125.0,1.0,7.0,25.9,2.0,13.0,0.0,0.0,76.0,69.0,11772,138.0,1.0,11772,20.8,19.5
001790,0.0,0.0,0.0,0.0,0.0,0.0,0.0,14.0,40.0,16.0,24.0,0.0,26.0,13.5,6.0,62.0,0.0,62.0,229.0,156.0,29443,86.0,0.0,29445,11.6,5.4
001792,0.0,0.0,0.0,0.0,0.0,0.0,0.0,223.0,1051.0,11.0,1040.0,6.0,39.0,104.9,2.0,20.0,0.0,20.0,402.0,308.0,49082,1060.0,6.0,49084,143.0,141.0
001809,0.0,0.0,0.0,0.0,0.0,0.0,0.0,0.0,0.0,0.0,0.0,0.0,0.0,0.0,6.0,108.0,0.0,63.0,85.0,33.0,9814,108.0,0.0,9814,13.8,3.0
001846,0.0,0.0,0.0,0.0,0.0,0.0,0.0,4.0,2.0,3.0,-1.0,0.0,1.0,0.30000000000000004,2.0,19.0,0.0,0.0,28.0,36.0,5888,18.0,0.0,5888,2.8000000000000003,0.9000000000000001
001898,47.0,115.0,10.0,623.0,3.0,49.0,0.0,117.0,530.0,128.0,402.0,4.0,45.0,57.7,0.0,0.0,0.0,0.0,316.0,218.0,35345,1025.0,7.0,35347,87.12,87.12
001903,0.0,2.0,0.0,0.0,0.0,0.0,0.0,137.0,594.0,16.0,578.0,9.0,28.0,96.1,34.0,515.0,2.0,142.0,518.0,421.0,56954,1093.0,11.0,56956,192.3,128.8
001905,0.0,0.0,0.0,0.0,0.0,0.0,0.0,215.0,881.0,1.0,880.0,7.0,26.0,113.0,3.0,41.0,0.0,3.0,490.0,362.0,53029,921.0,7.0,53030,135.6,131.5
001907,0.0,0.0,0.0,0.0,0.0,0.0,0.0,0.0,0.0,0.0,0.0,0.0,0.0,0.0,50.0,741.0,5.0,88.0,413.0,323.0,43213,741.0,5.0,43215,129.1,25.0
001909,0.0,0.0,0.0,0.0,0.0,0.0,0.0,23.0,100.0,4.0,96.0,0.0,7.0,20.9,1.0,1.0,0.0,1.0,127.0,86.0,11781,97.0,0.0,11781,10.2,10.1
001921,0.0,0.0,0.0,0.0,0.0,0.0,0.0,0.0,0.0,0.0,0.0,0.0,0.0,0.0,5.0,53.0,0.0,8.0,100.0,14.0,5889,53.0,0.0,5889,7.800000000000001,2.5
001924,0.0,0.0,0.0,0.0,0.0,0.0,0.0,0.0,0.0,0.0,0.0,0.0,0.0,0.0,22.0,380.0,3.0,191.0,244.0,181.0,23562,380.0,3.0,23564,67.0,11.0
001946,0.0,0.0,0.0,0.0,0.0,0.0,0.0,6.0,24.0,0.0,24.0,0.0,16.0,20.0,0.0,0.0,0.0,0.0,77.0,66.0,9815,24.0,0.0,9816,2.4000000000000004,2.4000000000000004
002032,1.0,7.0,2.0,13.0,0.0,0.0,0.0,13.0,43.0,7.0,36.0,1.0,12.0,13.9,0.0,0.0,0.0,0.0,89.0,95.0,11785,49.0,1.0,11785,6.12,6.12
002036,0.0,0.0,0.0,0.0,0.0,0.0,0.0,91.0,381.0,0.0,381.0,4.0,64.0,74.6,11.0,118.0,0.0,76.0,358.0,302.0,39308,499.0,4.0,39308,79.4,67.6
002037,0.0,0.0,0.0,0.0,0.0,0.0,0.0,3.0,3.0,2.0,1.0,0.0,0.0,0.3,0.0,0.0,0.0,0.0,31.0,0.0,1964,1.0,0.0,1964,0.1,0.1
002075,0.0,0.0,0.0,0.0,0.0,0.0,0.0,0.0,0.0,0.0,0.0,0.0,0.0,0.0,1.0,16.0,0.0,16.0,13.0,14.0,1964,16.0,0.0,1964,2.1,0.5
002115,0.0,0.0,0.0,0.0,0.0,0.0,0.0,33.0,167.0,5.0,162.0,1.0,24.0,57.8,21.0,358.0,4.0,61.0,262.0,253.0,27508,520.0,5.0,27509,92.5,32.7
002133,0.0,0.0,0.0,0.0,0.0,0.0,0.0,0.0,0.0,0.0,0.0,0.0,0.0,0.0,2.0,29.0,1.0,0.0,26.0,7.0,1964,29.0,1.0,1964,9.9,1.0
002146,2.0,3.0,0.0,26.0,1.0,9.0,0.0,139.0,529.0,11.0,518.0,1.0,111.0,90.1,14.0,141.0,0.0,98.0,401.0,406.0,51119,685.0,2.0,51119,85.94,71.84
002149,72.0,148.0,8.0,1005.0,8.0,0.0,0.0,86.0,295.0,179.0,116.0,4.0,0.0,4.6,0.0,0.0,0.0,0.0,199.0,185.0,19650,1121.0,12.0,19650,107.8,107.8
002151,0.0,0.0,0.0,0.0,0.0,0.0,0.0,5.0,19.0,0.0,19.0,0.0,4.0,7.5,0.0,0.0,0.0,0.0,22.0,45.0,3931,19.0,0.0,3931,1.9000000000000004,1.9000000000000004
002155,24.0,73.0,5.0,315.0,2.0,20.0,0.0,76.0,336.0,83.0,253.0,3.0,28.0,44.4,5.0,88.0,2.0,55.0,286.0,247.0,29480,656.0,7.0,29480,81.2,60.4
002156,0.0,0.0,0.0,0.0,0.0,0.0,0.0,0.0,0.0,0.0,0.0,0.0,0.0,0.0,48.0,672.0,3.0,237.0,287.0,314.0,39322,672.0,3.0,39322,109.2,24.0
002160,0.0,0.0,0.0,0.0,0.0,0.0,0.0,41.0,263.0,0.0,263.0,1.0,14.0,47.6,0.0,0.0,0.0,0.0,194.0,120.0,15722,263.0,1.0,15722,32.300000000000004,32.300000000000004
002162,0.0,0.0,0.0,0.0,0.0,0.0,0.0,51.0,177.0,1.0,176.0,2.0,0.0,30.0,4.0,17.0,0.0,0.0,182.0,133.0,15720,193.0,2.0,15720,33.300000000000004,31.6
002163,0.0,0.0,0.0,0.0,0.0,0.0,0.0,5.0,22.0,0.0,22.0,0.0,3.0,8.2,2.0,29.0,0.0,29.0,73.0,54.0,5898,51.0,0.0,5898,6.1000000000000005,3.2
002166,0.0,0.0,0.0,0.0,0.0,0.0,0.0,2.0,0.0,1.0,-1.0,0.0,0.0,-0.5,0.0,0.0,0.0,0.0,33.0,7.0,1965,-1.0,0.0,1965,-0.1,-0.1
002168,0.0,0.0,0.0,0.0,0.0,0.0,0.0,0.0,0.0,0.0,0.0,0.0,0.0,0.0,1.0,9.0,0.0,9.0,33.0,7.0,1965,9.0,0.0,1965,1.4,0.5
002188,0.0,1.0,0.0,0.0,0.0,0.0,0.0,3.0,25.0,0.0,25.0,0.0,25.0,25.0,0.0,0.0,0.0,0.0,85.0,66.0,7860,25.0,0.0,7860,2.5,2.5
002191,0.0,0.0,0.0,0.0,0.0,0.0,0.0,0.0,0.0,0.0,0.0,0.0,0.0,0.0,3.0,31.0,1.0,31.0,81.0,24.0,5896,31.0,1.0,5896,10.6,1.5
002205,0.0,0.0,0.0,0.0,0.0,0.0,0.0,0.0,0.0,0.0,0.0,0.0,0.0,0.0,20.0,321.0,1.0,136.0,205.0,184.0,25559,321.0,1.0,25559,48.1,10.0
002239,0.0,0.0,0.0,0.0,0.0,0.0,0.0,2.0,15.0,0.0,15.0,0.0,0.0,7.5,0.0,0.0,0.0,0.0,35.0,14.0,1965,15.0,0.0,1965,1.5,1.5
002265,114.0,253.0,28.0,1782.0,8.0,493.0,0.0,340.0,1262.0,291.0,971.0,18.0,293.0,65.4,6.0,87.0,1.0,51.0,485.0,373.0,51138,2840.0,27.0,51139,286.08,271.38
002266,22.0,46.0,5.0,291.0,1.0,87.0,0.0,33.0,84.0,58.0,26.0,1.0,31.0,-10.3,1.0,18.0,0.0,18.0,157.0,141.0,19661,335.0,2.0,19661,18.54,16.74
002268,0.0,0.0,0.0,0.0,0.0,0.0,0.0,634.0,3512.0,43.0,3469.0,30.0,898.0,174.2,7.0,124.0,0.0,124.0,641.0,550.0,62944,3593.0,30.0,62945,542.8000000000001,530.4
002281,0.0,0.0,0.0,0.0,0.0,0.0,0.0,0.0,0.0,0.0,0.0,0.0,0.0,0.0,30.0,563.0,3.0,350.0,275.0,224.0,31464,563.0,3.0,31464,89.30000000000001,15.0
002287,0.0,0.0,0.0,0.0,0.0,0.0,0.0,1.0,2.0,0.0,2.0,0.0,2.0,2.0,0.0,0.0,0.0,0.0,35.0,0.0,1966,2.0,0.0,1966,0.2,0.2
002288,0.0,0.0,0.0,0.0,0.0,0.0,0.0,1.0,2.0,0.0,2.0,0.0,2.0,2.0,0.0,0.0,0.0,0.0,35.0,0.0,1966,2.0,0.0,1966,0.2,0.2
002330,0.0,0.0,0.0,0.0,0.0,0.0,0.0,8.0,21.0,0.0,21.0,0.0,14.0,10.2,0.0,0.0,0.0,0.0,63.0,53.0,7865,21.0,0.0,7865,2.1,2.1
002367,0.0,0.0,0.0,0.0,0.0,0.0,0.0,4.0,14.0,0.0,14.0,0.0,7.0,10.5,41.0,660.0,1.0,383.0,545.0,365.0,43294,674.0,1.0,43295,93.9,21.9
002368,0.0,0.0,0.0,0.0,0.0,0.0,0.0,0.0,0.0,0.0,0.0,0.0,0.0,0.0,30.0,460.0,4.0,286.0,386.0,384.0,31492,460.0,4.0,31493,85.0,15.0
002372,0.0,0.0,0.0,0.0,0.0,0.0,0.0,2.0,4.0,8.0,-4.0,0.0,4.0,-4.0,0.0,0.0,0.0,0.0,22.0,26.0,3934,-4.0,0.0,3934,-0.4,-0.4
002378,0.0,0.0,0.0,0.0,0.0,0.0,0.0,0.0,0.0,0.0,0.0,0.0,0.0,0.0,14.0,191.0,2.0,116.0,233.0,95.0,13777,191.0,2.0,13777,38.099999999999994,7.0
002382,0.0,0.0,0.0,0.0,0.0,0.0,0.0,320.0,1495.0,13.0,1482.0,10.0,512.0,139.2,4.0,78.0,0.0,78.0,816.0,562.0,59043,1560.0,10.0,59045,218.0,210.20000000000002
002411,125.0,253.0,26.0,2152.0,12.0,718.0,0.0,214.0,919.0,35.0,884.0,10.0,329.0,94.6,0.0,0.0,0.0,0.0,712.0,477.0,47241,3036.0,22.0,47243,254.48000000000002,254.48000000000002
002455,0.0,0.0,0.0,0.0,0.0,0.0,0.0,503.0,2635.0,0.0,2635.0,37.0,610.0,169.6,12.0,138.0,0.0,108.0,884.0,749.0,63008,2773.0,37.0,63011,505.3,491.50000000000006
002456,1.0,1.0,0.0,37.0,1.0,37.0,0.0,11.0,180.0,0.0,180.0,1.0,161.0,159.0,65.0,1172.0,9.0,584.0,634.0,424.0,41339,1389.0,11.0,41341,235.18,63.980000000000004
002464,0.0,0.0,0.0,0.0,0.0,0.0,0.0,179.0,788.0,2.0,786.0,9.0,276.0,89.7,1.0,3.0,0.0,3.0,646.0,413.0,43332,789.0,9.0,43333,133.4,133.1
002475,0.0,0.0,0.0,0.0,0.0,0.0,0.0,94.0,472.0,2.0,470.0,3.0,221.0,83.0,1.0,11.0,0.0,11.0,581.0,448.0,37418,481.0,3.0,37418,66.60000000000001,65.5
002476,0.0,0.0,0.0,0.0,0.0,0.0,0.0,16.0,51.0,0.0,51.0,0.0,36.0,29.5,1.0,11.0,0.0,11.0,270.0,168.0,15745,62.0,0.0,15746,6.7,5.6000000000000005
002479,0.0,0.0,0.0,0.0,0.0,0.0,0.0,152.0,681.0,0.0,681.0,7.0,333.0,125.89999999999999,4.0,92.0,0.0,92.0,846.0,639.0,55134,773.0,7.0,55137,121.3,112.1
002499,3.0,8.0,1.0,79.0,0.0,59.0,0.0,10.0,2.0,3.0,-1.0,0.0,17.0,-2.4000000000000004,0.0,0.0,0.0,0.0,106.0,112.0,7872,78.0,0.0,7873,1.06,1.06
002512,0.0,0.0,0.0,0.0,0.0,0.0,0.0,3.0,31.0,11.0,20.0,0.0,31.0,6.5,25.0,516.0,2.0,270.0,296.0,220.0,19692,536.0,2.0,19694,78.10000000000001,14.5
002569,0.0,0.0,0.0,0.0,0.0,0.0,0.0,452.0,2662.0,8.0,2654.0,35.0,762.0,210.5,16.0,307.0,0.0,246.0,892.0,683.0,65010,2961.0,35.0,65013,514.1,483.40000000000003
002573,0.0,0.0,0.0,0.0,0.0,0.0,0.0,57.0,338.0,1.0,337.0,4.0,135.0,82.7,1.0,7.0,0.0,7.0,478.0,351.0,27573,344.0,4.0,27573,58.900000000000006,58.2
002574,62.0,129.0,6.0,936.0,2.0,284.0,0.0,186.0,777.0,34.0,743.0,20.0,415.0,108.6,1.0,8.0,0.0,8.0,783.0,537.0,53194,1687.0,22.0,53196,233.04,232.24
002576,75.0,181.0,8.0,1325.0,6.0,419.0,0.0,288.0,1406.0,41.0,1365.0,19.0,419.0,128.9,0.0,0.0,0.0,0.0,714.0,595.0,51219,2690.0,25.0,51221,323.5,323.5
002579,0.0,0.0,0.0,0.0,0.0,0.0,0.0,0.0,0.0,0.0,0.0,0.0,0.0,0.0,4.0,60.0,0.0,60.0,94.0,69.0,7876,60.0,0.0,7876,8.0,2.0
002604,0.0,0.0,0.0,0.0,0.0,0.0,0.0,20.0,71.0,0.0,71.0,2.0,25.0,10.2,0.0,0.0,0.0,0.0,181.0,38.0,5907,71.0,2.0,5907,19.1,19.1
002701,0.0,0.0,0.0,0.0,0.0,0.0,0.0,59.0,346.0,21.0,325.0,1.0,217.0,84.5,6.0,85.0,0.0,51.0,344.0,310.0,29566,410.0,1.0,29567,50.0,41.5
002703,0.0,0.0,0.0,0.0,0.0,0.0,0.0,83.0,421.0,0.0,421.0,2.0,205.0,98.4,3.0,35.0,0.0,30.0,396.0,354.0,31533,456.0,2.0,31535,59.1,55.6
002706,0.0,0.0,0.0,0.0,0.0,0.0,0.0,5.0,3.0,15.0,-12.0,0.0,3.0,-12.5,4.0,76.0,1.0,76.0,209.0,164.0,13794,64.0,1.0,13794,14.400000000000002,0.7999999999999998
002707,0.0,0.0,0.0,0.0,0.0,0.0,0.0,0.0,0.0,0.0,0.0,0.0,0.0,0.0,3.0,67.0,0.0,56.0,108.0,29.0,3940,67.0,0.0,3940,8.200000000000001,1.5
002709,0.0,0.0,0.0,0.0,0.0,0.0,0.0,3.0,25.0,0.0,25.0,0.0,25.0,25.0,9.0,152.0,1.0,93.0,98.0,108.0,7880,177.0,1.0,7880,28.2,7.0
002710,1.0,5.0,1.0,22.0,0.0,22.0,0.0,11.0,57.0,11.0,46.0,1.0,36.0,9.6,0.0,0.0,0.0,0.0,86.0,101.0,5910,68.0,1.0,5910,9.48,9.48
002726,0.0,0.0,0.0,0.0,0.0,0.0,0.0,0.0,0.0,0.0,0.0,0.0,0.0,0.0,4.0,67.0,0.0,53.0,93.0,39.0,5911,67.0,0.0,5911,8.700000000000001,2.0
002737,0.0,0.0,0.0,0.0,0.0,0.0,0.0,3.0,22.0,3.0,19.0,0.0,13.0,8.0,0.0,0.0,0.0,0.0,61.0,55.0,3940,19.0,0.0,3940,1.9000000000000001,1.9000000000000001
002791,0.0,0.0,0.0,0.0,0.0,0.0,0.0,6.0,22.0,0.0,22.0,0.0,12.0,8.5,0.0,0.0,0.0,0.0,94.0,48.0,5912,22.0,0.0,5912,2.2,2.2
002817,0.0,1.0,0.0,0.0,0.0,0.0,0.0,82.0,473.0,5.0,468.0,5.0,173.0,78.7,4.0,54.0,0.0,30.0,332.0,325.0,31550,522.0,5.0,31551,84.2,78.80000000000001
002820,0.0,0.0,0.0,0.0,0.0,0.0,0.0,126.0,570.0,3.0,567.0,5.0,254.0,114.0,9.0,159.0,0.0,128.0,664.0,497.0,55219,726.0,5.0,55220,107.10000000000001,91.2
002821,0.0,0.0,0.0,0.0,0.0,0.0,0.0,1.0,1.0,0.0,1.0,0.0,1.0,1.0,36.0,602.0,1.0,370.0,402.0,244.0,33528,603.0,1.0,33530,84.30000000000001,18.1
002827,0.0,0.0,0.0,0.0,0.0,0.0,0.0,0.0,0.0,0.0,0.0,0.0,0.0,0.0,11.0,230.0,0.0,175.0,176.0,121.0,13798,230.0,0.0,13798,28.5,5.5
002830,0.0,0.0,0.0,0.0,0.0,0.0,0.0,51.0,228.0,0.0,228.0,5.0,62.0,30.7,0.0,0.0,0.0,0.0,238.0,94.0,17741,228.0,5.0,17742,52.800000000000004,52.800000000000004
002839,0.0,0.0,0.0,0.0,0.0,0.0,0.0,3.0,7.0,5.0,2.0,0.0,7.0,2.5,46.0,696.0,1.0,359.0,489.0,389.0,41411,698.0,1.0,41414,98.80000000000001,23.2
002855,0.0,4.0,0.0,0.0,0.0,0.0,0.0,8.0,14.0,10.0,4.0,0.0,9.0,-7.2,0.0,0.0,0.0,0.0,128.0,65.0,7884,4.0,0.0,7884,0.4,0.4
002861,0.0,0.0,0.0,0.0,0.0,0.0,0.0,76.0,426.0,0.0,426.0,5.0,196.0,75.6,6.0,59.0,1.0,41.0,367.0,270.0,29586,485.0,6.0,29587,87.5,75.60000000000001
002889,0.0,2.0,0.0,0.0,0.0,0.0,0.0,7.0,14.0,7.0,7.0,0.0,12.0,0.5999999999999996,0.0,0.0,0.0,0.0,69.0,34.0,5913,7.0,0.0,5913,0.7000000000000001,0.7000000000000001
002892,0.0,0.0,0.0,0.0,0.0,0.0,0.0,61.0,257.0,0.0,257.0,2.0,122.0,48.7,4.0,15.0,0.0,15.0,251.0,151.0,23662,272.0,2.0,23663,41.2,39.7
002910,0.0,0.0,0.0,0.0,0.0,0.0,0.0,1.0,12.0,0.0,12.0,0.0,12.0,12.0,0.0,0.0,0.0,0.0,31.0,0.0,1971,12.0,0.0,1971,1.2000000000000002,1.2000000000000002
002931,51.0,128.0,8.0,827.0,1.0,282.0,0.0,185.0,833.0,51.0,782.0,13.0,235.0,44.9,0.0,0.0,0.0,0.0,222.0,206.0,23663,1609.0,14.0,23665,179.28,179.28
002934,0.0,0.0,0.0,0.0,0.0,0.0,0.0,593.0,3096.0,5.0,3091.0,26.0,570.0,158.29999999999998,2.0,17.0,0.0,17.0,775.0,619.0,63135,3108.0,26.0,63137,467.8,466.1
002943,0.0,0.0,0.0,0.0,0.0,0.0,0.0,0.0,0.0,0.0,0.0,0.0,0.0,0.0,5.0,69.0,1.0,64.0,105.0,26.0,7888,69.0,1.0,7889,15.4,2.5
002969,100.0,205.0,11.0,1360.0,8.0,602.0,0.0,448.0,2118.0,63.0,2055.0,26.0,683.0,179.3,0.0,0.0,0.0,0.0,1076.0,798.0,78951,3415.0,34.0,78952,441.90000000000003,441.90000000000003
002990,0.0,0.0,0.0,0.0,0.0,0.0,0.0,2.0,8.0,0.0,8.0,0.0,4.0,4.0,0.0,0.0,0.0,0.0,9.0,45.0,1972,8.0,0.0,1972,0.8,0.8
003025,0.0,0.0,0.0,0.0,0.0,0.0,0.0,4.0,14.0,9.0,5.0,0.0,10.0,-2.0,20.0,264.0,1.0,206.0,480.0,265.0,29604,269.0,1.0,29604,42.900000000000006,10.5
003038,38.0,97.0,10.0,584.0,1.0,176.0,0.0,108.0,567.0,46.0,521.0,12.0,228.0,89.1,0.0,0.0,0.0,0.0,561.0,463.0,41444,1105.0,13.0,41445,133.46,133.46
003043,0.0,0.0,0.0,0.0,0.0,0.0,0.0,0.0,0.0,0.0,0.0,0.0,0.0,0.0,6.0,54.0,2.0,33.0,78.0,47.0,5919,54.0,2.0,5920,20.400000000000002,3.0
003045,0.0,0.0,0.0,0.0,0.0,0.0,0.0,87.0,471.0,11.0,460.0,2.0,208.0,103.6,6.0,131.0,1.0,131.0,500.0,418.0,39474,591.0,3.0,39475,80.10000000000001,61.0
003053,0.0,0.0,0.0,0.0,0.0,0.0,0.0,15.0,82.0,0.0,82.0,1.0,54.0,41.5,0.0,0.0,0.0,0.0,222.0,154.0,13811,82.0,1.0,13811,14.2,14.2
003057,0.0,0.0,0.0,0.0,0.0,0.0,0.0,49.0,239.0,0.0,239.0,1.0,61.0,40.2,0.0,0.0,0.0,0.0,361.0,294.0,23681,239.0,1.0,23681,29.900000000000002,29.900000000000002
003060,0.0,0.0,0.0,0.0,0.0,0.0,0.0,24.0,116.0,0.0,116.0,1.0,38.0,32.6,1.0,6.0,0.0,6.0,183.0,158.0,11843,122.0,1.0,11843,18.700000000000003,18.1
003063,0.0,0.0,0.0,0.0,0.0,0.0,0.0,4.0,3.0,3.0,0.0,1.0,3.0,1.3,0.0,0.0,0.0,0.0,96.0,13.0,3946,0.0,1.0,3946,6.0,6.0
003065,0.0,0.0,0.0,0.0,0.0,0.0,0.0,1.0,0.0,5.0,-5.0,0.0,0.0,-5.0,0.0,0.0,0.0,0.0,41.0,0.0,1973,-5.0,0.0,1973,-0.5,-0.5
003067,0.0,0.0,0.0,0.0,0.0,0.0,0.0,0.0,0.0,0.0,0.0,0.0,0.0,0.0,3.0,59.0,1.0,59.0,107.0,49.0,5919,59.0,1.0,5919,13.4,1.5
003069,0.0,0.0,0.0,0.0,0.0,0.0,0.0,90.0,557.0,2.0,555.0,8.0,269.0,97.3,8.0,88.0,0.0,72.0,443.0,388.0,33549,643.0,8.0,33550,116.30000000000001,107.50000000000001
003080,0.0,0.0,0.0,0.0,0.0,0.0,0.0,1.0,13.0,0.0,13.0,0.0,13.0,13.0,15.0,197.0,1.0,180.0,344.0,311.0,25662,210.0,1.0,25662,34.5,8.8
003099,0.0,1.0,1.0,0.0,0.0,0.0,0.0,5.0,6.0,6.0,0.0,0.0,6.0,2.0,0.0,0.0,0.0,0.0,120.0,62.0,5919,0.0,0.0,5919,-1.9999999999999998,-1.9999999999999998
003124,0.0,0.0,0.0,0.0,0.0,0.0,0.0,3.0,17.0,0.0,17.0,0.0,17.0,17.0,1.0,6.0,0.0,6.0,107.0,55.0,5919,23.0,0.0,5919,2.8000000000000003,2.2
003140,0.0,0.0,0.0,0.0,0.0,0.0,0.0,4.0,4.0,0.0,4.0,0.0,4.0,1.0,0.0,0.0,0.0,0.0,52.0,7.0,1973,4.0,0.0,1973,0.4,0.4
003156,0.0,0.0,0.0,0.0,0.0,0.0,0.0,3.0,9.0,0.0,9.0,0.0,8.0,6.5,0.0,0.0,0.0,0.0,34.0,80.0,3948,9.0,0.0,3948,0.9,0.9
003172,1.0,2.0,0.0,12.0,1.0,12.0,0.0,81.0,623.0,0.0,623.0,8.0,185.0,78.0,1.0,8.0,0.0,8.0,318.0,246.0,23688,643.0,9.0,23688,118.08,117.28
003174,0.0,1.0,1.0,0.0,0.0,0.0,0.0,836.0,4774.0,29.0,4745.0,40.0,1152.0,257.6,6.0,128.0,1.0,128.0,1183.0,808.0,84944,4873.0,41.0,84945,734.3,715.5
003175,0.0,0.0,0.0,0.0,0.0,0.0,0.0,3.0,14.0,0.0,14.0,0.0,0.0,4.7,0.0,0.0,0.0,0.0,19.0,42.0,1974,14.0,0.0,1974,1.4000000000000001,1.4000000000000001
003177,0.0,0.0,0.0,0.0,0.0,0.0,0.0,127.0,559.0,13.0,546.0,9.0,237.0,108.3,3.0,29.0,0.0,29.0,621.0,541.0,51345,575.0,9.0,51345,113.0,110.10000000000001
003181,0.0,0.0,0.0,0.0,0.0,0.0,0.0,20.0,104.0,0.0,104.0,3.0,57.0,33.6,2.0,55.0,0.0,55.0,175.0,146.0,9872,159.0,3.0,9872,34.9,29.4
003184,1.0,2.0,1.0,5.0,0.0,5.0,0.0,28.0,123.0,17.0,106.0,1.0,39.0,17.9,0.0,0.0,0.0,0.0,290.0,161.0,15796,111.0,1.0,15796,14.799999999999999,14.799999999999999
003192,0.0,0.0,0.0,0.0,0.0,0.0,0.0,1.0,3.0,0.0,3.0,0.0,3.0,3.0,0.0,0.0,0.0,0.0,34.0,7.0,1974,3.0,0.0,1974,0.30000000000000004,0.30000000000000004
003193,0.0,0.0,0.0,0.0,0.0,0.0,0.0,0.0,0.0,0.0,0.0,0.0,0.0,0.0,15.0,209.0,2.0,144.0,227.0,242.0,19751,209.0,2.0,19751,40.400000000000006,7.5
003210,0.0,0.0,0.0,0.0,0.0,0.0,0.0,2.0,17.0,10.0,7.0,1.0,17.0,7.0,2.0,27.0,0.0,27.0,133.0,67.0,7899,34.0,1.0,7899,10.4,7.7
003236,0.0,0.0,0.0,0.0,0.0,0.0,0.0,30.0,221.0,6.0,215.0,0.0,92.0,34.4,2.0,16.0,0.0,16.0,219.0,136.0,13826,231.0,0.0,13826,24.1,22.5
003282,0.0,0.0,0.0,0.0,0.0,0.0,0.0,0.0,0.0,0.0,0.0,0.0,0.0,0.0,1.0,5.0,0.0,5.0,16.0,81.0,1974,5.0,0.0,1974,1.0,0.5
003304,0.0,0.0,0.0,0.0,0.0,0.0,0.0,0.0,0.0,0.0,0.0,0.0,0.0,0.0,1.0,28.0,0.0,28.0,27.0,3.0,1974,28.0,0.0,1974,3.3000000000000003,0.5
003307,29.0,71.0,8.0,452.0,3.0,214.0,0.0,89.0,172.0,24.0,148.0,4.0,102.0,13.5,0.0,0.0,0.0,0.0,362.0,195.0,23706,600.0,7.0,23706,58.879999999999995,58.879999999999995
003312,0.0,0.0,0.0,0.0,0.0,0.0,0.0,21.0,207.0,12.0,195.0,2.0,222.0,189.2,75.0,1505.0,9.0,862.0,759.0,598.0,61255,1700.0,11.0,61256,273.5,69.0
003314,0.0,0.0,0.0,0.0,0.0,0.0,0.0,5.0,22.0,0.0,22.0,0.0,11.0,8.5,0.0,0.0,0.0,0.0,107.0,7.0,3950,22.0,0.0,3950,2.2,2.2
003315,0.0,0.0,0.0,0.0,0.0,0.0,0.0,8.0,25.0,0.0,25.0,1.0,16.0,5.8,0.0,0.0,0.0,0.0,88.0,18.0,3950,25.0,1.0,3950,8.5,8.5
003318,0.0,0.0,0.0,0.0,0.0,0.0,0.0,104.0,590.0,19.0,571.0,9.0,242.0,88.3,3.0,15.0,0.0,15.0,645.0,253.0,35564,586.0,9.0,35564,114.10000000000001,112.6
003332,0.0,0.0,0.0,0.0,0.0,0.0,0.0,12.0,71.0,0.0,71.0,2.0,38.0,33.4,1.0,30.0,0.0,30.0,90.0,67.0,5925,101.0,2.0,5925,22.6,19.6
003338,0.0,0.0,0.0,0.0,0.0,0.0,0.0,0.0,0.0,0.0,0.0,0.0,0.0,0.0,1.0,2.0,0.0,2.0,42.0,18.0,1975,2.0,0.0,1975,0.7,0.5
003354,0.0,0.0,0.0,0.0,0.0,0.0,0.0,0.0,0.0,0.0,0.0,0.0,0.0,0.0,2.0,30.0,1.0,17.0,61.0,7.0,1975,30.0,1.0,1975,10.0,1.0
003363,0.0,0.0,0.0,0.0,0.0,0.0,0.0,61.0,216.0,4.0,212.0,2.0,108.0,39.6,3.0,35.0,0.0,35.0,287.0,306.0,29634,247.0,2.0,29634,38.2,34.7
003370,0.0,0.0,0.0,0.0,0.0,0.0,0.0,0.0,0.0,0.0,0.0,0.0,0.0,0.0,2.0,25.0,0.0,25.0,85.0,9.0,3952,25.0,0.0,3952,3.5,1.0
003380,0.0,0.0,0.0,0.0,0.0,0.0,0.0,4.0,-13.0,30.0,-43.0,0.0,0.0,-43.0,0.0,0.0,0.0,0.0,100.0,73.0,7907,-43.0,0.0,7907,-4.300000000000001,-4.300000000000001
003425,22.0,49.0,7.0,407.0,2.0,175.0,0.0,59.0,116.0,51.0,65.0,3.0,50.0,2.200000000000001,0.0,0.0,0.0,0.0,103.0,179.0,15808,472.0,5.0,15808,38.78,38.78
003427,0.0,0.0,0.0,0.0,0.0,0.0,0.0,87.0,442.0,1.0,441.0,5.0,205.0,87.6,0.0,0.0,0.0,0.0,370.0,419.0,35580,441.0,5.0,35581,74.10000000000001,74.10000000000001
003428,1.0,2.0,0.0,21.0,0.0,21.0,0.0,157.0,874.0,17.0,857.0,7.0,413.0,169.4,88.0,1682.0,15.0,1019.0,937.0,754.0,88989,2560.0,22.0,88990,430.74,172.54
003433,0.0,1.0,0.0,0.0,0.0,0.0,0.0,3.0,2.0,7.0,-5.0,0.0,2.0,-1.5,13.0,197.0,0.0,110.0,78.0,144.0,13832,192.0,0.0,13832,25.7,6.0
003434,0.0,0.0,0.0,0.0,0.0,0.0,0.0,271.0,1234.0,52.0,1182.0,11.0,421.0,116.6,7.0,63.0,0.0,60.0,544.0,434.0,49427,1245.0,11.0,49428,194.0,187.70000000000002
003444,0.0,0.0,0.0,0.0,0.0,0.0,0.0,0.0,0.0,0.0,0.0,0.0,0.0,0.0,2.0,45.0,1.0,45.0,22.0,76.0,3952,45.0,1.0,3952,11.5,1.0
003446,0.0,0.0,0.0,0.0,0.0,0.0,0.0,6.0,16.0,0.0,16.0,0.0,11.0,8.0,0.0,0.0,0.0,0.0,18.0,69.0,3952,16.0,0.0,3952,1.6,1.6
003491,38.0,88.0,9.0,683.0,6.0,277.0,0.0,126.0,426.0,52.0,374.0,3.0,191.0,49.1,0.0,0.0,0.0,0.0,382.0,257.0,31634,1057.0,9.0,31634,100.72000000000001,100.72000000000001
003499,0.0,0.0,0.0,0.0,0.0,0.0,0.0,1.0,2.0,0.0,2.0,0.0,2.0,2.0,0.0,0.0,0.0,0.0,7.0,34.0,1976,2.0,0.0,1976,0.2,0.2
003525,0.0,0.0,0.0,0.0,0.0,0.0,0.0,6.0,34.0,0.0,34.0,0.0,23.0,16.8,1.0,18.0,0.0,18.0,126.0,109.0,7908,52.0,0.0,7909,5.7,3.9
003527,18.0,40.0,2.0,338.0,2.0,146.0,0.0,43.0,197.0,59.0,138.0,4.0,77.0,20.1,0.0,0.0,0.0,0.0,263.0,104.0,17803,476.0,6.0,17803,59.32,59.32
003528,96.0,211.0,18.0,1724.0,16.0,589.0,0.0,183.0,506.0,227.0,279.0,5.0,175.0,22.0,0.0,0.0,0.0,0.0,574.0,384.0,45483,2003.0,21.0,45484,186.86,186.86
003533,0.0,0.0,0.0,0.0,0.0,0.0,0.0,2.0,0.0,12.0,-12.0,0.0,0.0,-6.0,2.0,38.0,0.0,38.0,50.0,61.0,5935,26.0,0.0,5935,3.6000000000000005,-0.20000000000000018
003534,0.0,0.0,0.0,0.0,0.0,0.0,0.0,50.0,218.0,2.0,216.0,2.0,95.0,52.0,4.0,53.0,0.0,48.0,314.0,214.0,25712,269.0,2.0,25712,40.9,35.6
003535,0.0,0.0,0.0,0.0,0.0,0.0,0.0,1.0,4.0,0.0,4.0,0.0,4.0,4.0,54.0,862.0,4.0,459.0,464.0,373.0,47501,866.0,4.0,47501,137.6,27.4
003536,6.0,19.0,2.0,152.0,2.0,75.0,0.0,31.0,118.0,29.0,89.0,2.0,43.0,13.5,0.0,0.0,0.0,0.0,185.0,108.0,11862,241.0,4.0,11862,34.980000000000004,34.980000000000004
003538,0.0,0.0,0.0,0.0,0.0,0.0,0.0,0.0,0.0,0.0,0.0,0.0,0.0,0.0,12.0,150.0,0.0,102.0,264.0,131.0,15816,150.0,0.0,15817,21.0,6.0
003539,0.0,0.0,0.0,0.0,0.0,0.0,0.0,0.0,0.0,0.0,0.0,0.0,0.0,0.0,20.0,223.0,2.0,136.0,206.0,225.0,21755,223.0,2.0,21756,44.300000000000004,10.0
003551,0.0,0.0,0.0,0.0,0.0,0.0,0.0,0.0,0.0,0.0,0.0,0.0,0.0,0.0,6.0,98.0,1.0,78.0,217.0,22.0,9890,98.0,1.0,9890,18.8,3.0
003554,0.0,0.0,0.0,0.0,0.0,0.0,0.0,12.0,47.0,2.0,45.0,2.0,14.0,6.8,0.0,0.0,0.0,0.0,140.0,15.0,3954,45.0,2.0,3954,16.5,16.5
003567,0.0,0.0,0.0,0.0,0.0,0.0,0.0,5.0,34.0,0.0,34.0,0.0,12.0,6.8,0.0,0.0,0.0,0.0,72.0,15.0,1977,34.0,0.0,1977,3.4000000000000004,3.4000000000000004
003568,0.0,0.0,0.0,0.0,0.0,0.0,0.0,0.0,0.0,0.0,0.0,0.0,0.0,0.0,4.0,39.0,1.0,39.0,110.0,112.0,7909,39.0,1.0,7910,11.9,2.0
003656,155.0,324.0,18.0,2072.0,9.0,623.0,1.0,341.0,1715.0,357.0,1358.0,11.0,501.0,136.2,25.0,430.0,3.0,236.0,749.0,637.0,79181,3860.0,23.0,79182,376.18,315.18
003658,0.0,0.0,0.0,0.0,0.0,0.0,0.0,142.0,767.0,26.0,741.0,2.0,286.0,100.6,5.0,39.0,0.0,23.0,335.0,257.0,39571,780.0,2.0,39571,92.5,88.60000000000001
003662,0.0,0.0,0.0,0.0,0.0,0.0,0.0,22.0,51.0,7.0,44.0,0.0,32.0,7.8,0.0,0.0,0.0,0.0,73.0,178.0,15827,44.0,0.0,15827,4.4,4.4
003663,0.0,0.0,0.0,0.0,0.0,0.0,0.0,152.0,722.0,31.0,691.0,8.0,276.0,120.89999999999999,23.0,265.0,0.0,195.0,491.0,397.0,51474,956.0,8.0,51475,155.1,128.60000000000002
003665,0.0,0.0,0.0,0.0,0.0,0.0,0.0,149.0,600.0,11.0,589.0,2.0,177.0,57.1,3.0,18.0,1.0,18.0,349.0,332.0,37599,607.0,3.0,37599,80.2,72.4
003668,0.0,0.0,0.0,0.0,0.0,0.0,0.0,328.0,1546.0,63.0,1483.0,15.0,327.0,84.9,9.0,111.0,0.0,87.0,343.0,267.0,37591,1594.0,15.0,37591,253.9,242.8
003688,0.0,0.0,0.0,0.0,0.0,0.0,0.0,0.0,0.0,0.0,0.0,0.0,0.0,0.0,7.0,128.0,2.0,101.0,115.0,64.0,9890,128.0,2.0,9890,28.3,3.5
003714,0.0,0.0,0.0,0.0,0.0,0.0,0.0,1.0,0.0,1.0,-1.0,0.0,0.0,-1.0,64.0,1190.0,7.0,759.0,653.0,540.0,67309,1189.0,7.0,67310,192.9,31.9
003748,0.0,0.0,0.0,0.0,0.0,0.0,0.0,4.0,21.0,0.0,21.0,0.0,10.0,5.2,0.0,0.0,0.0,0.0,0.0,41.0,1978,21.0,0.0,1978,2.1,2.1
003788,0.0,0.0,0.0,0.0,0.0,0.0,0.0,185.0,761.0,27.0,734.0,3.0,271.0,118.5,38.0,325.0,0.0,245.0,677.0,507.0,67341,1059.0,3.0,67341,142.9,110.4
003798,1.0,1.0,0.0,-1.0,0.0,0.0,0.0,0.0,0.0,0.0,0.0,0.0,0.0,0.0,0.0,0.0,0.0,0.0,0.0,21.0,1979,-1.0,0.0,1979,-0.04,-0.04
003800,4.0,6.0,2.0,79.0,0.0,67.0,0.0,29.0,367.0,31.0,336.0,3.0,306.0,256.2,40.0,1024.0,12.0,712.0,535.0,517.0,55462,1439.0,15.0,55463,245.16000000000003,70.76
003834,158.0,381.0,23.0,2761.0,15.0,935.0,14.0,131.0,358.0,414.0,-56.0,0.0,195.0,-38.9,0.0,0.0,0.0,0.0,624.0,466.0,65370,2705.0,15.0,65371,148.84,148.84
003899,1.0,2.0,0.0,87.0,1.0,87.0,0.0,361.0,1882.0,56.0,1826.0,3.0,496.0,144.5,29.0,232.0,1.0,200.0,665.0,572.0,61409,2145.0,5.0,61410,253.78,224.58
003904,0.0,0.0,0.0,0.0,0.0,0.0,0.0,352.0,1616.0,68.0,1548.0,14.0,317.0,72.1,15.0,171.0,1.0,133.0,412.0,241.0,33670,1719.0,15.0,33671,269.40000000000003,246.3
003917,0.0,0.0,0.0,0.0,0.0,0.0,0.0,302.0,1411.0,18.0,1393.0,12.0,527.0,177.4,35.0,301.0,1.0,232.0,810.0,733.0,79304,1694.0,13.0,79306,264.90000000000003,228.8
003922,0.0,0.0,0.0,0.0,0.0,0.0,0.0,0.0,0.0,0.0,0.0,0.0,0.0,0.0,22.0,547.0,2.0,373.0,333.0,232.0,27726,547.0,2.0,27726,77.7,11.0
003923,0.0,0.0,0.0,0.0,0.0,0.0,0.0,398.0,1757.0,83.0,1674.0,17.0,518.0,171.2,16.0,133.0,0.0,120.0,891.0,661.0,81247,1807.0,17.0,81249,290.7,277.4
003931,0.0,1.0,0.0,0.0,0.0,0.0,0.0,96.0,389.0,15.0,374.0,10.0,161.0,71.0,2.0,33.0,0.0,33.0,453.0,395.0,41628,407.0,10.0,41628,101.7,98.4
003933,0.0,0.0,0.0,0.0,0.0,0.0,0.0,57.0,193.0,7.0,186.0,1.0,78.0,49.1,2.0,40.0,0.0,23.0,410.0,305.0,31720,226.0,1.0,31720,29.6,25.6
003964,0.0,0.0,0.0,0.0,0.0,0.0,0.0,7.0,28.0,6.0,22.0,0.0,26.0,16.0,24.0,395.0,2.0,321.0,363.0,352.0,37660,417.0,2.0,37661,65.7,14.2
003997,0.0,0.0,0.0,0.0,0.0,0.0,0.0,188.0,824.0,24.0,800.0,7.0,282.0,110.3,8.0,106.0,0.0,75.0,537.0,477.0,51530,906.0,7.0,51530,136.6,126.0
003998,137.0,279.0,13.0,2020.0,15.0,545.0,16.0,96.0,272.0,198.0,74.0,9.0,150.0,15.200000000000001,0.0,0.0,0.0,0.0,535.0,384.0,43592,2094.0,24.0,43593,206.2,206.2
004008,0.0,0.0,0.0,0.0,0.0,0.0,0.0,3.0,0.0,13.0,-13.0,0.0,0.0,-13.0,0.0,0.0,0.0,0.0,37.0,28.0,5941,-13.0,0.0,5942,-1.3,-1.3
004037,180.0,407.0,37.0,3024.0,20.0,1012.0,28.0,122.0,317.0,484.0,-167.0,4.0,203.0,-35.5,0.0,0.0,0.0,0.0,858.0,698.0,73390,2857.0,24.0,73390,174.26,174.26
004038,45.0,113.0,8.0,886.0,5.0,324.0,10.0,107.0,388.0,106.0,282.0,4.0,173.0,67.5,12.0,115.0,0.0,80.0,496.0,461.0,49580,1283.0,9.0,49581,119.14,107.64
004041,0.0,0.0,0.0,0.0,0.0,0.0,0.0,101.0,412.0,24.0,388.0,6.0,164.0,62.6,17.0,134.0,0.0,101.0,475.0,367.0,39686,522.0,6.0,39686,96.7,83.3
004043,0.0,0.0,0.0,0.0,0.0,0.0,0.0,136.0,658.0,19.0,639.0,3.0,279.0,82.4,6.0,101.0,0.0,93.0,347.0,346.0,35697,740.0,3.0,35698,95.0,84.9
004045,1.0,1.0,0.0,-1.0,0.0,0.0,0.0,0.0,0.0,0.0,0.0,0.0,0.0,0.0,55.0,1086.0,7.0,621.0,567.0,461.0,49572,1085.0,7.0,49573,178.06,27.46
004046,0.0,0.0,0.0,0.0,0.0,0.0,0.0,0.0,0.0,0.0,0.0,0.0,0.0,0.0,1.0,10.0,0.0,10.0,31.0,3.0,1981,10.0,0.0,1981,1.5,0.5
004047,0.0,0.0,0.0,0.0,0.0,0.0,0.0,0.0,0.0,0.0,0.0,0.0,0.0,0.0,3.0,48.0,0.0,48.0,64.0,29.0,5947,48.0,0.0,5947,6.300000000000001,1.5
004048,0.0,0.0,0.0,0.0,0.0,0.0,0.0,31.0,123.0,11.0,112.0,0.0,71.0,29.0,0.0,0.0,0.0,0.0,294.0,182.0,23784,112.0,0.0,23785,11.200000000000001,11.200000000000001
004051,0.0,0.0,0.0,0.0,0.0,0.0,0.0,3.0,2.0,12.0,-10.0,0.0,2.0,-3.3,8.0,114.0,0.0,83.0,135.0,55.0,11888,104.0,0.0,11888,14.4,3.0
004132,0.0,0.0,0.0,0.0,0.0,0.0,0.0,0.0,0.0,0.0,0.0,0.0,0.0,0.0,2.0,15.0,1.0,15.0,64.0,22.0,3963,15.0,1.0,3963,8.5,1.0
004179,0.0,1.0,0.0,0.0,0.0,0.0,0.0,0.0,0.0,0.0,0.0,0.0,0.0,0.0,0.0,0.0,0.0,0.0,21.0,0.0,1982,0.0,0.0,1982,0.0,0.0
004199,0.0,0.0,0.0,0.0,0.0,0.0,0.0,0.0,0.0,0.0,0.0,1.0,0.0,0.0,19.0,367.0,5.0,301.0,429.0,291.0,31746,367.0,6.0,31746,82.2,15.5
004223,0.0,0.0,0.0,0.0,0.0,0.0,0.0,3.0,19.0,6.0,13.0,0.0,19.0,13.0,0.0,0.0,0.0,0.0,114.0,60.0,5949,13.0,0.0,5949,1.3,1.3
004235,0.0,0.0,0.0,0.0,0.0,0.0,0.0,0.0,0.0,0.0,0.0,0.0,0.0,0.0,2.0,14.0,0.0,14.0,53.0,43.0,3964,14.0,0.0,3964,2.4000000000000004,1.0
004278,11.0,27.0,1.0,137.0,0.0,76.0,1.0,10.0,11.0,29.0,-18.0,0.0,8.0,-15.7,0.0,0.0,0.0,0.0,238.0,158.0,17853,119.0,0.0,17853,1.6800000000000002,1.6800000000000002
004285,0.0,0.0,0.0,0.0,0.0,0.0,0.0,1.0,3.0,0.0,3.0,0.0,3.0,3.0,0.0,0.0,0.0,0.0,53.0,16.0,1982,3.0,0.0,1982,0.30000000000000004,0.30000000000000004
004312,1.0,1.0,0.0,41.0,1.0,41.0,0.0,0.0,0.0,0.0,0.0,0.0,0.0,0.0,14.0,259.0,3.0,194.0,156.0,157.0,17847,300.0,4.0,17848,58.54,14.64
004319,0.0,0.0,0.0,0.0,0.0,0.0,0.0,4.0,15.0,23.0,-8.0,0.0,15.0,-8.0,11.0,345.0,3.0,270.0,117.0,204.0,19832,337.0,3.0,19833,57.2,4.7
004323,0.0,0.0,0.0,0.0,0.0,0.0,0.0,36.0,138.0,10.0,128.0,0.0,50.0,22.8,2.0,23.0,0.0,23.0,131.0,103.0,13881,151.0,0.0,13881,16.1,13.8
004326,0.0,1.0,1.0,0.0,0.0,0.0,1.0,220.0,1055.0,62.0,993.0,9.0,375.0,109.6,13.0,69.0,0.0,79.0,610.0,556.0,53588,1062.0,9.0,53588,164.7,157.8
004339,0.0,0.0,0.0,0.0,0.0,0.0,0.0,0.0,0.0,0.0,0.0,0.0,0.0,0.0,4.0,102.0,1.0,88.0,78.0,43.0,5949,102.0,1.0,5949,18.2,2.0
004341,0.0,0.0,0.0,0.0,0.0,0.0,0.0,4.0,7.0,7.0,0.0,0.0,7.0,0.0,50.0,807.0,2.0,457.0,487.0,368.0,37722,807.0,2.0,37722,117.7,25.0
004343,0.0,0.0,0.0,0.0,0.0,0.0,0.0,0.0,0.0,0.0,0.0,0.0,0.0,0.0,2.0,19.0,0.0,19.0,39.0,51.0,3966,19.0,0.0,3966,2.9000000000000004,1.0
004359,0.0,1.0,0.0,0.0,0.0,0.0,0.0,1.0,1.0,0.0,1.0,0.0,1.0,1.0,0.0,0.0,0.0,0.0,42.0,6.0,1983,1.0,0.0,1983,0.1,0.1
004453,0.0,0.0,0.0,0.0,0.0,0.0,0.0,3.0,10.0,0.0,10.0,0.0,8.0,3.3,0.0,0.0,0.0,0.0,13.0,45.0,1983,10.0,0.0,1983,1.0,1.0
004476,0.0,0.0,0.0,0.0,0.0,0.0,0.0,116.0,488.0,34.0,454.0,2.0,212.0,73.4,23.0,346.0,1.0,286.0,541.0,526.0,47647,800.0,3.0,47647,109.5,68.9
004478,1.0,1.0,0.0,17.0,0.0,17.0,0.0,0.0,0.0,0.0,0.0,0.0,0.0,0.0,26.0,437.0,4.0,266.0,242.0,283.0,23808,454.0,4.0,23808,81.38,13.68
004480,0.0,0.0,0.0,0.0,0.0,0.0,0.0,0.0,0.0,0.0,0.0,0.0,0.0,0.0,58.0,1011.0,6.0,555.0,473.0,410.0,39688,1011.0,6.0,39688,166.1,29.0
004487,0.0,0.0,0.0,0.0,0.0,0.0,0.0,47.0,181.0,8.0,173.0,1.0,76.0,49.1,4.0,55.0,1.0,51.0,353.0,369.0,29777,228.0,2.0,29777,36.8,25.3
004488,0.0,0.0,0.0,0.0,0.0,0.0,0.0,4.0,11.0,4.0,7.0,0.0,8.0,3.0,86.0,1230.0,5.0,657.0,798.0,666.0,57598,1237.0,5.0,57598,196.70000000000002,43.7
004493,0.0,0.0,0.0,0.0,0.0,0.0,0.0,6.0,9.0,0.0,9.0,0.0,5.0,3.3,0.0,0.0,0.0,0.0,54.0,59.0,5954,9.0,0.0,5954,0.9,0.9
004494,0.0,0.0,0.0,0.0,0.0,0.0,0.0,5.0,8.0,0.0,8.0,0.0,5.0,3.5,1.0,6.0,0.0,6.0,47.0,44.0,3969,14.0,0.0,3969,1.9000000000000001,1.3
004497,407.0,770.0,38.0,5187.0,27.0,1212.0,49.0,282.0,1167.0,477.0,690.0,12.0,540.0,85.0,0.0,0.0,0.0,0.0,976.0,819.0,75459,5877.0,39.0,75459,434.48,434.48
004609,0.0,0.0,0.0,0.0,0.0,0.0,0.0,233.0,1027.0,69.0,958.0,5.0,313.0,73.5,14.0,182.0,0.0,142.0,490.0,377.0,39709,1140.0,5.0,39709,151.0,132.8
004610,0.0,0.0,0.0,0.0,0.0,0.0,0.0,472.0,2227.0,72.0,2155.0,12.0,724.0,204.9,64.0,401.0,1.0,338.0,1232.0,986.0,91378,2556.0,13.0,91378,365.6,319.5
004611,3.0,7.0,1.0,44.0,2.0,44.0,0.0,604.0,2977.0,221.0,2756.0,24.0,907.0,170.9,130.0,1439.0,7.0,745.0,1168.0,970.0,87405,4239.0,33.0,87405,682.26,496.36
004620,0.0,0.0,0.0,0.0,0.0,0.0,0.0,0.0,0.0,0.0,0.0,0.0,0.0,0.0,8.0,129.0,0.0,79.0,112.0,93.0,7940,129.0,0.0,7940,16.900000000000002,4.0
004623,0.0,0.0,0.0,0.0,0.0,0.0,0.0,1.0,0.0,5.0,-5.0,0.0,0.0,-5.0,3.0,161.0,2.0,151.0,78.0,54.0,3970,156.0,2.0,3970,29.1,1.0
004681,118.0,210.0,15.0,1404.0,4.0,427.0,9.0,50.0,124.0,50.0,74.0,2.0,88.0,25.6,0.0,0.0,0.0,0.0,511.0,344.0,31795,1478.0,6.0,31795,69.56,69.56
004754,0.0,0.0,0.0,0.0,0.0,0.0,0.0,0.0,0.0,0.0,0.0,0.0,0.0,0.0,16.0,105.0,2.0,76.0,149.0,184.0,15888,105.0,2.0,15888,30.5,8.0
004755,0.0,0.0,0.0,0.0,0.0,0.0,0.0,0.0,0.0,0.0,0.0,0.0,0.0,0.0,3.0,46.0,0.0,46.0,72.0,82.0,5958,46.0,0.0,5958,6.1000000000000005,1.5
004766,0.0,0.0,0.0,0.0,0.0,0.0,0.0,0.0,0.0,0.0,0.0,0.0,0.0,0.0,20.0,229.0,1.0,130.0,196.0,177.0,15888,229.0,1.0,15888,38.900000000000006,10.0
004782,0.0,0.0,0.0,0.0,0.0,0.0,0.0,1.0,0.0,0.0,0.0,0.0,0.0,0.0,1.0,36.0,0.0,36.0,77.0,22.0,3972,36.0,0.0,3972,4.1,0.5
004788,37.0,78.0,5.0,469.0,2.0,182.0,8.0,27.0,80.0,102.0,-22.0,0.0,46.0,-27.1,0.0,0.0,0.0,0.0,425.0,309.0,29819,447.0,2.0,29819,18.560000000000002,18.560000000000002
004805,0.0,0.0,0.0,0.0,0.0,0.0,0.0,1.0,0.0,15.0,-15.0,0.0,0.0,-15.0,0.0,0.0,0.0,0.0,27.0,24.0,1986,-15.0,0.0,1986,-1.5,-1.5
004818,0.0,0.0,0.0,0.0,0.0,0.0,0.0,20.0,202.0,24.0,178.0,1.0,158.0,107.0,116.0,2084.0,14.0,980.0,859.0,817.0,67586,2262.0,15.0,67586,374.20000000000005,81.8
004830,0.0,0.0,0.0,0.0,0.0,0.0,0.0,17.0,67.0,2.0,65.0,0.0,36.0,17.7,0.0,0.0,0.0,0.0,184.0,77.0,9934,65.0,0.0,9934,6.5,6.5
004835,0.0,0.0,0.0,0.0,0.0,0.0,0.0,6.0,16.0,0.0,16.0,0.0,8.0,2.7,0.0,0.0,0.0,0.0,30.0,10.0,1986,16.0,0.0,1986,1.6,1.6
004871,0.0,0.0,0.0,0.0,0.0,0.0,0.0,221.0,1179.0,63.0,1116.0,12.0,462.0,169.5,51.0,472.0,0.0,297.0,1047.0,903.0,75571,1588.0,12.0,75572,256.3,209.1
004874,0.0,0.0,0.0,0.0,0.0,0.0,0.0,0.0,0.0,0.0,0.0,0.0,0.0,0.0,2.0,10.0,0.0,7.0,31.0,3.0,1987,10.0,0.0,1987,2.0,1.0
004875,0.0,0.0,0.0,0.0,0.0,0.0,0.0,0.0,0.0,0.0,0.0,0.0,0.0,0.0,32.0,262.0,1.0,176.0,507.0,470.0,35785,262.0,1.0,35785,48.2,16.0
004885,0.0,0.0,0.0,0.0,0.0,0.0,0.0,3.0,7.0,0.0,7.0,0.0,7.0,7.0,73.0,990.0,10.0,538.0,778.0,820.0,61652,997.0,10.0,61653,196.20000000000002,37.2
004886,0.0,0.0,0.0,0.0,0.0,0.0,0.0,2.0,24.0,0.0,24.0,0.0,24.0,24.0,114.0,1567.0,4.0,621.0,927.0,819.0,69607,1591.0,4.0,69607,240.10000000000002,59.4
004887,0.0,0.0,0.0,0.0,0.0,0.0,0.0,2.0,2.0,5.0,-3.0,0.0,2.0,-3.0,57.0,929.0,13.0,568.0,763.0,659.0,53699,926.0,13.0,53700,199.1,28.2
004896,0.0,0.0,0.0,0.0,0.0,0.0,0.0,17.0,68.0,8.0,60.0,0.0,35.0,15.3,4.0,23.0,0.0,23.0,263.0,159.0,11923,83.0,0.0,11923,10.3,8.0
004903,0.0,0.0,0.0,0.0,0.0,0.0,0.0,51.0,198.0,5.0,193.0,3.0,99.0,55.8,12.0,134.0,0.0,72.0,470.0,323.0,27833,327.0,3.0,27833,56.7,43.3
004911,0.0,0.0,0.0,0.0,0.0,0.0,0.0,1.0,6.0,0.0,6.0,0.0,6.0,6.0,0.0,0.0,0.0,0.0,45.0,26.0,1987,6.0,0.0,1987,0.6000000000000001,0.6000000000000001
004916,0.0,0.0,0.0,0.0,0.0,0.0,0.0,0.0,0.0,0.0,0.0,0.0,0.0,0.0,20.0,213.0,0.0,116.0,249.0,188.0,15899,213.0,0.0,15899,31.3,10.0
004996,124.0,268.0,14.0,1519.0,13.0,430.0,29.0,45.0,27.0,221.0,-194.0,2.0,15.0,-51.5,0.0,0.0,0.0,0.0,424.0,387.0,33806,1325.0,15.0,33806,103.36,103.36
005002,0.0,0.0,0.0,0.0,0.0,0.0,0.0,58.0,245.0,23.0,222.0,3.0,110.0,47.4,2.0,3.0,0.0,4.0,330.0,299.0,27860,225.0,3.0,27860,41.5,41.2
005051,0.0,0.0,0.0,0.0,0.0,0.0,0.0,1.0,3.0,0.0,3.0,0.0,3.0,3.0,6.0,87.0,0.0,82.0,101.0,186.0,11933,90.0,0.0,11933,12.000000000000002,3.3
005109,568.0,1041.0,49.0,7436.0,37.0,1445.0,130.0,354.0,1081.0,1091.0,-10.0,12.0,557.0,-13.9,1.0,18.0,1.0,18.0,1018.0,990.0,89572,7444.0,50.0,89573,500.74,492.94
005112,0.0,0.0,0.0,0.0,0.0,0.0,0.0,504.0,2626.0,154.0,2472.0,17.0,847.0,222.8,36.0,250.0,1.0,193.0,981.0,908.0,83599,2722.0,18.0,83600,398.20000000000005,367.2
005114,0.0,0.0,0.0,0.0,0.0,0.0,0.0,51.0,242.0,9.0,233.0,1.0,129.0,40.3,0.0,0.0,0.0,0.0,200.0,196.0,17901,233.0,1.0,17901,29.300000000000004,29.300000000000004
005125,0.0,1.0,0.0,0.0,0.0,0.0,0.0,22.0,75.0,1.0,74.0,0.0,30.0,17.2,21.0,262.0,2.0,182.0,361.0,355.0,31848,336.0,2.0,31848,56.1,17.9
005143,0.0,0.0,0.0,0.0,0.0,0.0,0.0,0.0,0.0,0.0,0.0,0.0,0.0,0.0,2.0,19.0,0.0,12.0,12.0,16.0,1989,19.0,0.0,1989,2.9000000000000004,1.0
005168,0.0,0.0,0.0,0.0,0.0,0.0,0.0,39.0,143.0,9.0,134.0,0.0,77.0,32.2,0.0,0.0,0.0,0.0,215.0,182.0,15916,134.0,0.0,15916,13.400000000000002,13.400000000000002
005195,1.0,1.0,0.0,18.0,1.0,18.0,0.0,3.0,42.0,0.0,42.0,0.0,42.0,42.0,58.0,907.0,5.0,505.0,556.0,432.0,47781,967.0,6.0,47781,160.62,39.92
005217,0.0,0.0,0.0,0.0,0.0,0.0,0.0,2.0,11.0,0.0,11.0,0.0,9.0,5.5,0.0,0.0,0.0,0.0,7.0,50.0,1989,11.0,0.0,1989,1.1,1.1
005218,0.0,0.0,0.0,0.0,0.0,0.0,0.0,1.0,1.0,0.0,1.0,0.0,1.0,1.0,0.0,0.0,0.0,0.0,7.0,50.0,1989,1.0,0.0,1989,0.1,0.1
005236,0.0,0.0,0.0,0.0,0.0,0.0,0.0,409.0,2241.0,113.0,2128.0,16.0,718.0,212.6,72.0,686.0,0.0,343.0,962.0,935.0,83642,2814.0,16.0,83643,413.40000000000003,344.8
005240,0.0,0.0,0.0,0.0,0.0,0.0,0.0,2.0,0.0,22.0,-22.0,0.0,0.0,-22.0,5.0,100.0,1.0,100.0,95.0,158.0,11941,78.0,1.0,11942,16.3,0.2999999999999998
005244,0.0,0.0,0.0,0.0,0.0,0.0,0.0,1.0,14.0,0.0,14.0,0.0,14.0,14.0,24.0,266.0,2.0,155.0,176.0,190.0,21898,280.0,2.0,21898,52.0,13.4
005250,0.0,0.0,0.0,0.0,0.0,0.0,0.0,225.0,1200.0,57.0,1143.0,11.0,381.0,92.7,5.0,16.0,0.0,19.0,364.0,364.0,35828,1159.0,11.0,35829,184.4,182.8
005257,20.0,45.0,2.0,299.0,3.0,142.0,5.0,35.0,222.0,48.0,174.0,1.0,167.0,65.9,5.0,29.0,0.0,9.0,241.0,192.0,21896,502.0,4.0,21897,54.760000000000005,51.86
005264,0.0,0.0,0.0,0.0,0.0,0.0,0.0,0.0,0.0,0.0,0.0,0.0,0.0,0.0,3.0,34.0,0.0,34.0,107.0,53.0,5970,34.0,0.0,5970,4.9,1.5
005300,0.0,0.0,0.0,0.0,0.0,0.0,0.0,0.0,0.0,0.0,0.0,0.0,0.0,0.0,3.0,47.0,0.0,19.0,52.0,3.0,1990,47.0,0.0,1990,6.2,1.5
005302,0.0,0.0,0.0,0.0,0.0,0.0,0.0,0.0,0.0,0.0,0.0,0.0,0.0,0.0,13.0,148.0,3.0,105.0,237.0,126.0,15935,148.0,3.0,15935,39.300000000000004,6.5
005379,0.0,0.0,0.0,0.0,0.0,0.0,0.0,0.0,0.0,0.0,0.0,0.0,0.0,0.0,1.0,-4.0,0.0,0.0,13.0,6.0,1991,-4.0,0.0,1991,0.09999999999999998,0.5
005387,1.0,3.0,0.0,15.0,0.0,15.0,0.0,281.0,1311.0,81.0,1230.0,9.0,411.0,139.9,32.0,175.0,0.0,158.0,928.0,845.0,71740,1420.0,9.0,71740,211.1,193.6
005389,0.0,2.0,0.0,0.0,0.0,0.0,0.0,1.0,0.0,14.0,-14.0,0.0,0.0,-14.0,74.0,1094.0,10.0,635.0,913.0,829.0,71747,1080.0,10.0,71747,205.0,35.6
005390,0.0,0.0,0.0,0.0,0.0,0.0,0.0,1.0,3.0,0.0,3.0,0.0,3.0,3.0,54.0,796.0,3.0,380.0,415.0,362.0,37837,799.0,3.0,37837,124.9,27.3
005397,0.0,0.0,0.0,0.0,0.0,0.0,0.0,38.0,153.0,0.0,153.0,3.0,45.0,25.2,5.0,48.0,0.0,39.0,168.0,92.0,15928,201.0,3.0,15928,40.6,35.800000000000004
005411,22.0,54.0,2.0,250.0,2.0,116.0,2.0,9.0,32.0,25.0,7.0,0.0,40.0,-0.3000000000000007,9.0,51.0,1.0,39.0,454.0,406.0,33882,308.0,3.0,33882,34.3,23.2
005442,0.0,0.0,0.0,0.0,0.0,0.0,0.0,0.0,0.0,0.0,0.0,0.0,0.0,0.0,5.0,54.0,0.0,36.0,46.0,63.0,5973,54.0,0.0,5973,7.9,2.5
005477,0.0,0.0,0.0,0.0,0.0,0.0,0.0,0.0,0.0,0.0,0.0,0.0,0.0,0.0,1.0,31.0,0.0,31.0,32.0,0.0,1991,31.0,0.0,1991,3.6,0.5
005502,0.0,0.0,0.0,0.0,0.0,0.0,0.0,2.0,20.0,0.0,20.0,0.0,20.0,13.0,54.0,948.0,8.0,480.0,501.0,487.0,37874,968.0,8.0,37874,171.8,29.0
005504,0.0,0.0,0.0,0.0,0.0,0.0,0.0,1.0,0.0,14.0,-14.0,0.0,0.0,-14.0,102.0,1609.0,15.0,764.0,771.0,740.0,57796,1595.0,15.0,57796,300.5,49.6
005507,0.0,0.0,0.0,0.0,0.0,0.0,0.0,14.0,141.0,11.0,130.0,1.0,152.0,130.0,184.0,3162.0,16.0,1347.0,1368.0,1116.0,93726,3292.0,17.0,93727,523.2,111.0
005511,1.0,2.0,0.0,33.0,1.0,33.0,0.0,136.0,614.0,52.0,562.0,3.0,283.0,103.0,63.0,690.0,3.0,401.0,1058.0,929.0,75747,1285.0,7.0,75747,200.02,113.02000000000001
005518,0.0,0.0,0.0,0.0,0.0,0.0,0.0,12.0,74.0,5.0,69.0,0.0,65.0,23.7,4.0,40.0,0.0,36.0,227.0,236.0,15938,109.0,0.0,15938,12.9,8.9
005526,312.0,579.0,24.0,3774.0,25.0,701.0,39.0,99.0,261.0,298.0,-37.0,1.0,174.0,-34.4,0.0,0.0,0.0,0.0,566.0,495.0,41859,3737.0,26.0,41859,255.26,255.26
005527,2.0,7.0,2.0,30.0,0.0,30.0,1.0,1.0,0.0,5.0,-5.0,0.0,0.0,-5.0,0.0,0.0,0.0,0.0,68.0,29.0,3984,25.0,0.0,3984,-3.3,-3.3
005549,0.0,0.0,0.0,0.0,0.0,0.0,0.0,0.0,0.0,0.0,0.0,0.0,0.0,0.0,4.0,55.0,0.0,41.0,75.0,87.0,5976,55.0,0.0,5976,7.5,2.0
005556,0.0,0.0,0.0,0.0,0.0,0.0,0.0,220.0,1174.0,61.0,1113.0,11.0,400.0,118.4,7.0,54.0,0.0,57.0,700.0,611.0,47839,1167.0,11.0,47839,186.20000000000002,180.8
005566,0.0,0.0,0.0,0.0,0.0,0.0,0.0,0.0,0.0,0.0,0.0,0.0,0.0,0.0,23.0,216.0,2.0,173.0,454.0,384.0,29899,216.0,2.0,29899,45.1,11.5
005606,1.0,1.0,0.0,12.0,0.0,12.0,0.0,0.0,0.0,0.0,0.0,0.0,0.0,0.0,0.0,0.0,0.0,0.0,35.0,14.0,1992,12.0,0.0,1992,0.48,0.48
005621,0.0,0.0,0.0,0.0,0.0,0.0,0.0,2.0,5.0,0.0,5.0,0.0,3.0,2.5,0.0,0.0,0.0,0.0,35.0,14.0,1992,5.0,0.0,1992,0.5,0.5
005628,0.0,0.0,0.0,0.0,0.0,0.0,0.0,1.0,0.0,23.0,-23.0,0.0,23.0,-23.0,0.0,0.0,0.0,0.0,21.0,20.0,1992,-23.0,0.0,1992,-2.3000000000000003,-2.3000000000000003
005674,0.0,0.0,0.0,0.0,0.0,0.0,0.0,0.0,0.0,0.0,0.0,0.0,0.0,0.0,9.0,64.0,1.0,54.0,182.0,137.0,13957,64.0,1.0,13957,16.9,4.5
005684,0.0,0.0,0.0,0.0,0.0,0.0,0.0,0.0,0.0,0.0,0.0,0.0,0.0,0.0,31.0,306.0,3.0,242.0,665.0,594.0,43891,306.0,3.0,43891,64.1,15.5
005686,0.0,0.0,0.0,0.0,0.0,0.0,0.0,0.0,0.0,0.0,0.0,0.0,0.0,0.0,53.0,714.0,6.0,402.0,758.0,651.0,49877,714.0,6.0,49878,133.9,26.5
005706,0.0,0.0,0.0,0.0,0.0,0.0,0.0,31.0,103.0,16.0,87.0,2.0,83.0,34.8,12.0,70.0,0.0,47.0,243.0,236.0,19937,157.0,2.0,19937,33.7,26.7
005742,0.0,0.0,0.0,0.0,0.0,0.0,0.0,0.0,0.0,0.0,0.0,0.0,0.0,0.0,1.0,1.0,0.0,1.0,24.0,3.0,1993,1.0,0.0,1993,0.6,0.5
005777,0.0,0.0,0.0,0.0,0.0,0.0,0.0,0.0,0.0,0.0,0.0,0.0,0.0,0.0,91.0,1221.0,13.0,618.0,899.0,757.0,59856,1221.0,13.0,59857,245.6,45.5
005780,0.0,0.0,0.0,0.0,0.0,0.0,0.0,0.0,0.0,0.0,0.0,0.0,0.0,0.0,3.0,35.0,0.0,21.0,30.0,16.0,1994,35.0,0.0,1994,5.0,1.5
005793,601.0,1112.0,42.0,8226.0,54.0,1500.0,49.0,212.0,946.0,545.0,401.0,6.0,442.0,64.80000000000001,0.0,0.0,0.0,0.0,1334.0,1061.0,85810,8627.0,60.0,85811,645.14,645.14
005794,0.0,0.0,0.0,0.0,0.0,0.0,0.0,23.0,51.0,13.0,38.0,1.0,39.0,22.4,5.0,30.0,0.0,27.0,392.0,282.0,23948,68.0,1.0,23948,15.3,12.3
005834,0.0,0.0,0.0,0.0,0.0,0.0,0.0,0.0,0.0,0.0,0.0,0.0,0.0,0.0,12.0,169.0,0.0,132.0,242.0,152.0,13962,169.0,0.0,13962,22.900000000000002,6.0
005842,3.0,8.0,0.0,38.0,0.0,20.0,0.0,2.0,3.0,0.0,3.0,0.0,3.0,3.0,0.0,0.0,0.0,0.0,125.0,96.0,5982,41.0,0.0,5982,1.82,1.82
005854,0.0,0.0,0.0,0.0,0.0,0.0,0.0,74.0,303.0,20.0,283.0,7.0,95.0,26.6,3.0,36.0,0.0,28.0,259.0,278.0,17951,319.0,7.0,17951,75.4,71.8
005857,0.0,0.0,0.0,0.0,0.0,0.0,0.0,1.0,0.0,7.0,-7.0,0.0,7.0,-7.0,0.0,0.0,0.0,0.0,33.0,9.0,1994,-7.0,0.0,1994,-0.7000000000000001,-0.7000000000000001
005911,1.0,3.0,1.0,27.0,1.0,27.0,0.0,961.0,5957.0,248.0,5709.0,58.0,1545.0,271.3,94.0,953.0,3.0,694.0,1416.0,1135.0,91832,6689.0,62.0,91834,1084.28,970.98
005913,0.0,1.0,0.0,0.0,0.0,0.0,0.0,315.0,1929.0,121.0,1808.0,14.0,636.0,140.4,13.0,150.0,0.0,144.0,804.0,593.0,51883,1958.0,14.0,51884,286.3,271.3
005915,98.0,174.0,6.0,1287.0,5.0,429.0,17.0,30.0,14.0,133.0,-119.0,0.0,16.0,-55.0,1.0,6.0,0.0,6.0,659.0,488.0,39920,1174.0,5.0,39920,58.68,58.08
005916,0.0,0.0,0.0,0.0,0.0,0.0,0.0,23.0,129.0,5.0,124.0,1.0,57.0,36.5,4.0,34.0,1.0,32.0,149.0,161.0,11970,158.0,2.0,11970,29.8,20.4
005920,0.0,0.0,0.0,0.0,0.0,0.0,0.0,0.0,0.0,0.0,0.0,0.0,0.0,0.0,40.0,624.0,1.0,426.0,652.0,573.0,41930,624.0,1.0,41931,88.4,20.0
005924,0.0,0.0,0.0,0.0,0.0,0.0,0.0,28.0,129.0,14.0,115.0,3.0,72.0,36.4,89.0,1538.0,15.0,734.0,1011.0,801.0,65876,1653.0,18.0,65878,317.8,74.0
005928,0.0,0.0,0.0,0.0,0.0,0.0,0.0,2.0,9.0,0.0,9.0,0.0,9.0,9.0,0.0,0.0,0.0,0.0,75.0,40.0,3990,9.0,0.0,3990,0.9,0.9
005963,0.0,0.0,0.0,0.0,0.0,0.0,0.0,0.0,0.0,0.0,0.0,0.0,0.0,0.0,1.0,9.0,0.0,9.0,10.0,35.0,1995,9.0,0.0,1995,1.4,0.5
005974,0.0,0.0,0.0,0.0,0.0,0.0,0.0,0.0,0.0,0.0,0.0,0.0,0.0,0.0,2.0,20.0,0.0,20.0,57.0,65.0,3990,20.0,0.0,3990,3.0,1.0
006003,0.0,0.0,0.0,0.0,0.0,0.0,0.0,1.0,0.0,2.0,-2.0,0.0,0.0,-2.0,0.0,0.0,0.0,0.0,48.0,7.0,1995,-2.0,0.0,1995,-0.2,-0.2
006059,0.0,0.0,0.0,0.0,0.0,0.0,0.0,65.0,345.0,10.0,335.0,13.0,163.0,49.300000000000004,11.0,128.0,1.0,108.0,446.0,254.0,23952,463.0,14.0,23953,135.8,117.0
006060,0.0,0.0,0.0,0.0,0.0,0.0,0.0,30.0,146.0,5.0,141.0,1.0,76.0,31.0,1.0,5.0,0.0,5.0,257.0,97.0,11976,146.0,1.0,11976,21.1,20.6
006061,0.0,0.0,0.0,0.0,0.0,0.0,0.0,0.0,0.0,0.0,0.0,0.0,0.0,0.0,6.0,61.0,2.0,59.0,240.0,73.0,9980,61.0,2.0,9980,21.1,3.0
006072,16.0,32.0,3.0,169.0,0.0,59.0,5.0,7.0,0.0,42.0,-42.0,0.0,0.0,-21.2,0.0,0.0,0.0,0.0,214.0,116.0,9982,127.0,0.0,9982,-3.4400000000000004,-3.4400000000000004
006076,0.0,0.0,0.0,0.0,0.0,0.0,0.0,73.0,376.0,26.0,350.0,2.0,219.0,108.5,22.0,211.0,0.0,165.0,938.0,819.0,59938,561.0,2.0,59939,79.10000000000001,58.0
006078,0.0,0.0,0.0,0.0,0.0,0.0,0.0,1.0,0.0,2.0,-2.0,0.0,0.0,-2.0,1.0,11.0,0.0,11.0,41.0,7.0,1996,9.0,0.0,1996,1.4000000000000001,0.3
006083,0.0,0.0,0.0,0.0,0.0,0.0,0.0,0.0,0.0,0.0,0.0,0.0,0.0,0.0,3.0,42.0,0.0,42.0,129.0,35.0,5988,42.0,0.0,5988,5.7,1.5
006084,0.0,0.0,0.0,0.0,0.0,0.0,0.0,0.0,0.0,0.0,0.0,0.0,0.0,0.0,7.0,98.0,1.0,43.0,142.0,48.0,5988,98.0,1.0,5988,19.3,3.5
006095,0.0,0.0,0.0,0.0,0.0,0.0,0.0,0.0,0.0,0.0,0.0,0.0,0.0,0.0,38.0,397.0,4.0,312.0,810.0,618.0,47929,397.0,4.0,47930,82.7,19.0
006204,1.0,1.0,0.0,33.0,0.0,33.0,0.0,0.0,0.0,0.0,0.0,0.0,0.0,0.0,0.0,0.0,0.0,0.0,38.0,15.0,1996,33.0,0.0,1997,1.32,1.32
006212,0.0,0.0,0.0,0.0,0.0,0.0,0.0,0.0,0.0,0.0,0.0,0.0,0.0,0.0,1.0,33.0,0.0,33.0,38.0,15.0,1996,33.0,0.0,1997,3.8000000000000003,0.5
006220,0.0,0.0,0.0,0.0,0.0,0.0,0.0,538.0,2836.0,169.0,2667.0,19.0,683.0,165.7,75.0,763.0,4.0,486.0,1127.0,885.0,73957,3430.0,23.0,73959,518.5,418.20000000000005
006221,0.0,0.0,0.0,0.0,0.0,0.0,0.0,14.0,34.0,9.0,25.0,0.0,21.0,10.9,7.0,110.0,0.0,79.0,231.0,273.0,15976,135.0,0.0,15976,17.0,6.0
006222,0.0,0.0,0.0,0.0,0.0,0.0,0.0,13.0,49.0,0.0,49.0,0.0,19.0,12.0,2.0,24.0,0.0,24.0,96.0,111.0,5991,73.0,0.0,5991,8.3,5.9
006225,0.0,0.0,0.0,0.0,0.0,0.0,0.0,0.0,0.0,0.0,0.0,0.0,0.0,0.0,7.0,113.0,0.0,102.0,157.0,179.0,11982,113.0,0.0,11982,14.8,3.5
006226,0.0,0.0,0.0,0.0,0.0,0.0,0.0,0.0,0.0,0.0,0.0,0.0,0.0,0.0,7.0,76.0,0.0,62.0,168.0,174.0,9985,76.0,0.0,9985,11.100000000000001,3.5
006227,0.0,0.0,0.0,0.0,0.0,0.0,0.0,0.0,0.0,0.0,0.0,0.0,0.0,0.0,1.0,6.0,0.0,6.0,48.0,14.0,1997,6.0,0.0,1997,1.1,0.5
006242,0.0,0.0,0.0,0.0,0.0,0.0,0.0,0.0,0.0,0.0,0.0,0.0,0.0,0.0,35.0,524.0,3.0,326.0,598.0,404.0,35991,524.0,3.0,35992,87.9,17.5
006243,0.0,0.0,0.0,0.0,0.0,0.0,0.0,0.0,0.0,0.0,0.0,0.0,0.0,0.0,10.0,130.0,1.0,92.0,149.0,206.0,11982,130.0,1.0,11982,24.0,5.0
006244,0.0,0.0,0.0,0.0,0.0,0.0,0.0,0.0,0.0,0.0,0.0,0.0,0.0,0.0,28.0,445.0,1.0,296.0,375.0,358.0,27970,445.0,1.0,27971,64.5,14.0
006262,0.0,0.0,0.0,0.0,0.0,0.0,0.0,2.0,0.0,12.0,-12.0,0.0,0.0,-12.0,168.0,2156.0,11.0,786.0,835.0,714.0,55951,2144.0,11.0,55952,364.40000000000003,82.8
006266,0.0,0.0,0.0,0.0,0.0,0.0,0.0,0.0,0.0,0.0,0.0,0.0,0.0,0.0,1.0,2.0,0.0,2.0,42.0,16.0,1997,2.0,0.0,1997,0.7,0.5
006289,0.0,0.0,0.0,0.0,0.0,0.0,0.0,3.0,25.0,6.0,19.0,0.0,25.0,19.0,20.0,367.0,0.0,239.0,256.0,328.0,19982,386.0,0.0,19982,48.6,11.9
006352,0.0,0.0,0.0,0.0,0.0,0.0,0.0,0.0,0.0,0.0,0.0,0.0,0.0,0.0,76.0,753.0,3.0,350.0,623.0,514.0,41971,753.0,3.0,41973,131.3,38.0
006353,0.0,0.0,0.0,0.0,0.0,0.0,0.0,0.0,0.0,0.0,0.0,0.0,0.0,0.0,2.0,39.0,0.0,39.0,79.0,51.0,3996,39.0,0.0,3996,4.9,1.0
006358,646.0,1118.0,30.0,8642.0,63.0,1681.0,63.0,121.0,167.0,503.0,-336.0,3.0,129.0,-88.2,0.0,0.0,0.0,0.0,1366.0,958.0,81977,8306.0,66.0,81979,648.08,648.08
006369,0.0,0.0,0.0,0.0,0.0,0.0,0.0,19.0,96.0,6.0,90.0,10.0,87.0,50.8,1.0,1.0,1.0,1.0,280.0,279.0,19989,91.0,11.0,19990,75.6,69.5
006437,0.0,0.0,0.0,0.0,0.0,0.0,0.0,160.0,658.0,39.0,619.0,11.0,292.0,113.5,17.0,238.0,2.0,196.0,928.0,608.0,54003,857.0,13.0,54003,172.20000000000002,136.4
006438,0.0,0.0,0.0,0.0,0.0,0.0,0.0,0.0,0.0,0.0,0.0,0.0,0.0,0.0,67.0,918.0,10.0,424.0,821.0,461.0,45990,918.0,10.0,45991,185.3,33.5
006439,0.0,0.0,0.0,0.0,0.0,0.0,0.0,0.0,0.0,0.0,0.0,0.0,0.0,0.0,37.0,394.0,2.0,244.0,628.0,402.0,37990,394.0,2.0,37991,69.9,18.5
006444,532.0,915.0,34.0,7014.0,56.0,1605.0,75.0,166.0,396.0,530.0,-134.0,11.0,237.0,-44.0,0.0,0.0,0.0,0.0,1321.0,899.0,82030,6880.0,67.0,82032,601.16,601.16
006448,0.0,0.0,0.0,0.0,0.0,0.0,0.0,93.0,364.0,31.0,333.0,4.0,113.0,43.5,4.0,25.0,0.0,23.0,520.0,300.0,27994,358.0,4.0,27994,61.800000000000004,59.3
006456,0.0,0.0,0.0,0.0,0.0,0.0,0.0,0.0,0.0,0.0,0.0,0.0,0.0,0.0,4.0,46.0,2.0,32.0,86.0,114.0,5997,46.0,2.0,5997,18.6,2.0
006457,1.0,1.0,0.0,1.0,0.0,1.0,0.0,7.0,52.0,7.0,45.0,2.0,52.0,45.0,0.0,0.0,0.0,0.0,222.0,205.0,14005,46.0,2.0,14005,16.54,16.54
006535,0.0,0.0,0.0,0.0,0.0,0.0,0.0,0.0,0.0,0.0,0.0,0.0,0.0,0.0,58.0,771.0,4.0,466.0,747.0,790.0,52044,771.0,4.0,52045,130.1,29.0
006594,0.0,0.0,0.0,0.0,0.0,0.0,0.0,0.0,0.0,0.0,0.0,0.0,0.0,0.0,8.0,45.0,1.0,44.0,214.0,162.0,14007,45.0,1.0,14008,14.5,4.0
006596,0.0,0.0,0.0,0.0,0.0,0.0,0.0,135.0,688.0,17.0,671.0,8.0,223.0,82.8,18.0,200.0,2.0,165.0,883.0,512.0,48029,871.0,10.0,48030,156.1,124.1
006605,0.0,0.0,0.0,0.0,0.0,0.0,0.0,15.0,97.0,14.0,83.0,0.0,84.0,51.5,160.0,2560.0,17.0,1283.0,1439.0,1150.0,92065,2643.0,17.0,92066,446.3,88.3
006606,0.0,0.0,0.0,0.0,0.0,0.0,0.0,0.0,0.0,0.0,0.0,0.0,0.0,0.0,8.0,77.0,3.0,56.0,171.0,59.0,8000,77.0,3.0,8000,29.7,4.0
006608,0.0,0.0,0.0,0.0,0.0,0.0,0.0,2.0,24.0,3.0,21.0,0.0,24.0,21.0,91.0,1395.0,12.0,863.0,1208.0,946.0,76062,1416.0,12.0,76063,259.1,47.6
006609,1.0,1.0,0.0,56.0,0.0,56.0,0.0,17.0,280.0,24.0,256.0,3.0,273.0,246.0,241.0,3883.0,35.0,1724.0,1484.0,1243.0,96074,4195.0,38.0,96075,764.64,166.34
006630,0.0,0.0,0.0,0.0,0.0,0.0,0.0,0.0,0.0,0.0,0.0,0.0,0.0,0.0,30.0,359.0,4.0,268.0,517.0,493.0,38024,359.0,4.0,38024,74.9,15.0
006631,0.0,0.0,0.0,0.0,0.0,0.0,0.0,1.0,0.0,2.0,-2.0,0.0,0.0,-2.0,18.0,123.0,2.0,92.0,481.0,294.0,26012,121.0,2.0,26012,33.1,8.8
006633,0.0,0.0,0.0,0.0,0.0,0.0,0.0,81.0,395.0,13.0,382.0,4.0,175.0,96.1,42.0,387.0,1.0,269.0,1014.0,1009.0,72057,769.0,5.0,72058,127.9,83.2
006650,0.0,0.0,0.0,0.0,0.0,0.0,0.0,1.0,0.0,2.0,-2.0,0.0,0.0,-2.0,0.0,0.0,0.0,0.0,42.0,7.0,2000,-2.0,0.0,2000,-0.2,-0.2
006747,0.0,0.0,0.0,0.0,0.0,0.0,0.0,1084.0,5630.0,176.0,5454.0,63.0,1078.0,230.0,68.0,620.0,3.0,463.0,1405.0,1207.0,94119,6074.0,66.0,94121,1037.4,957.4
006752,0.0,0.0,0.0,0.0,0.0,0.0,0.0,0.0,0.0,0.0,0.0,0.0,0.0,0.0,21.0,310.0,1.0,206.0,472.0,220.0,22046,310.0,1.0,22047,47.5,10.5
006763,115.0,213.0,2.0,1613.0,17.0,587.0,19.0,52.0,161.0,200.0,-39.0,1.0,115.0,14.8,0.0,0.0,0.0,0.0,712.0,627.0,48066,1574.0,18.0,48066,164.62,164.62
006775,0.0,0.0,0.0,0.0,0.0,0.0,0.0,26.0,150.0,8.0,142.0,1.0,150.0,138.5,54.0,679.0,6.0,411.0,1206.0,958.0,76098,821.0,7.0,76100,151.1,47.2
006776,0.0,0.0,0.0,0.0,0.0,0.0,0.0,0.0,0.0,0.0,0.0,0.0,0.0,0.0,15.0,130.0,0.0,84.0,207.0,186.0,14010,130.0,0.0,14010,20.5,7.5
006795,0.0,0.0,0.0,0.0,0.0,0.0,0.0,12.0,37.0,2.0,35.0,0.0,21.0,12.2,0.0,0.0,0.0,0.0,128.0,101.0,8004,35.0,0.0,8004,3.5000000000000004,3.5000000000000004
006824,0.0,0.0,0.0,0.0,0.0,0.0,0.0,52.0,218.0,6.0,212.0,4.0,96.0,64.0,10.0,51.0,1.0,50.0,636.0,566.0,42071,263.0,5.0,42072,61.300000000000004,50.2
006922,0.0,0.0,0.0,0.0,0.0,0.0,0.0,365.0,1811.0,98.0,1713.0,25.0,605.0,233.5,37.0,214.0,1.0,164.0,1402.0,1261.0,92185,1927.0,26.0,92187,367.2,339.8
006950,0.0,0.0,0.0,0.0,0.0,0.0,0.0,0.0,0.0,0.0,0.0,0.0,0.0,0.0,6.0,44.0,0.0,43.0,131.0,101.0,10010,44.0,0.0,10010,7.4,3.0
006962,0.0,0.0,0.0,0.0,0.0,0.0,0.0,0.0,0.0,0.0,0.0,0.0,0.0,0.0,98.0,1367.0,15.0,728.0,997.0,993.0,68132,1367.0,15.0,68135,275.7,49.0
007046,0.0,0.0,0.0,0.0,0.0,0.0,0.0,1.0,2.0,0.0,2.0,0.0,2.0,2.0,0.0,0.0,0.0,0.0,50.0,20.0,2002,2.0,0.0,2002,0.2,0.2
007059,0.0,0.0,0.0,0.0,0.0,0.0,0.0,19.0,84.0,0.0,84.0,0.0,63.0,48.0,0.0,0.0,0.0,0.0,308.0,266.0,20033,84.0,0.0,20033,8.4,8.4
007061,444.0,718.0,28.0,6040.0,44.0,1456.0,32.0,457.0,3448.0,321.0,3127.0,37.0,1135.0,271.6,1.0,48.0,0.0,48.0,1147.0,1103.0,74149,9215.0,81.0,74151,989.6,984.8000000000001
007067,0.0,0.0,0.0,0.0,0.0,0.0,0.0,19.0,93.0,0.0,93.0,0.0,38.0,20.1,0.0,0.0,0.0,0.0,155.0,169.0,10015,93.0,0.0,10015,9.3,9.3
007068,0.0,0.0,0.0,0.0,0.0,0.0,0.0,9.0,23.0,2.0,21.0,0.0,15.0,10.7,0.0,0.0,0.0,0.0,155.0,169.0,10015,21.0,0.0,10015,2.1,2.1
007092,0.0,0.0,0.0,0.0,0.0,0.0,0.0,1.0,2.0,0.0,2.0,0.0,2.0,2.0,0.0,0.0,0.0,0.0,7.0,48.0,2003,2.0,0.0,2003,0.2,0.2
007099,8.0,14.0,1.0,60.0,0.0,50.0,1.0,17.0,94.0,15.0,79.0,2.0,62.0,32.8,0.0,0.0,0.0,0.0,378.0,297.0,20045,139.0,2.0,20045,20.3,20.3
007161,0.0,0.0,0.0,0.0,0.0,0.0,0.0,0.0,0.0,0.0,0.0,0.0,0.0,0.0,3.0,21.0,0.0,21.0,64.0,92.0,6011,21.0,0.0,6011,3.6000000000000005,1.5
007220,0.0,0.0,0.0,0.0,0.0,0.0,0.0,28.0,77.0,10.0,67.0,0.0,35.0,14.2,0.0,0.0,0.0,0.0,303.0,27.0,10026,67.0,0.0,10026,6.7,6.7
007225,1.0,1.0,0.0,48.0,0.0,48.0,0.0,104.0,858.0,61.0,797.0,13.0,410.0,141.2,30.0,329.0,3.0,230.0,749.0,611.0,42097,1174.0,16.0,42099,225.52,174.62
007229,0.0,0.0,0.0,0.0,0.0,0.0,0.0,1.0,4.0,0.0,4.0,0.0,4.0,4.0,0.0,0.0,0.0,0.0,65.0,0.0,2004,4.0,0.0,2004,0.4,0.4
007230,0.0,0.0,0.0,0.0,0.0,0.0,0.0,1.0,5.0,1.0,4.0,0.0,0.0,-1.0,124.0,1915.0,20.0,1030.0,1264.0,1008.0,80215,1919.0,20.0,80216,373.90000000000003,62.4
007232,0.0,0.0,0.0,0.0,0.0,0.0,0.0,2.0,11.0,0.0,11.0,1.0,11.0,11.0,3.0,42.0,1.0,28.0,202.0,71.0,8019,53.0,2.0,8019,18.8,8.6
007249,0.0,0.0,0.0,0.0,0.0,0.0,0.0,4.0,34.0,0.0,34.0,0.0,14.0,11.3,0.0,0.0,0.0,0.0,79.0,27.0,4008,34.0,0.0,4008,3.4000000000000004,3.4000000000000004
007254,0.0,0.0,0.0,0.0,0.0,0.0,0.0,1.0,0.0,3.0,-3.0,0.0,0.0,-3.0,99.0,1088.0,9.0,528.0,1118.0,790.0,64188,1085.0,9.0,64189,212.0,49.2
007257,0.0,0.0,0.0,0.0,0.0,0.0,0.0,0.0,0.0,0.0,0.0,0.0,0.0,0.0,2.0,12.0,0.0,10.0,35.0,13.0,2004,12.0,0.0,2004,2.2,1.0
007269,0.0,0.0,0.0,0.0,0.0,0.0,0.0,0.0,0.0,0.0,0.0,0.0,0.0,0.0,3.0,26.0,0.0,26.0,161.0,38.0,6014,26.0,0.0,6014,4.1,1.5
007272,0.0,0.0,0.0,0.0,0.0,0.0,0.0,0.0,0.0,0.0,0.0,0.0,0.0,0.0,1.0,8.0,0.0,8.0,44.0,14.0,2004,8.0,0.0,2004,1.3,0.5
007341,0.0,0.0,0.0,0.0,0.0,0.0,0.0,0.0,0.0,0.0,0.0,0.0,0.0,0.0,3.0,19.0,0.0,16.0,82.0,20.0,4010,19.0,0.0,4010,3.4000000000000004,1.5
007347,0.0,0.0,0.0,0.0,0.0,0.0,0.0,0.0,0.0,0.0,0.0,1.0,0.0,0.0,26.0,348.0,2.0,185.0,339.0,213.0,20040,348.0,3.0,20041,65.8,19.0
007354,0.0,0.0,0.0,0.0,0.0,0.0,0.0,533.0,3441.0,113.0,3328.0,36.0,974.0,236.5,49.0,539.0,3.0,427.0,1211.0,1113.0,76228,3867.0,39.0,76229,645.2,573.3000000000001
007356,0.0,0.0,0.0,0.0,0.0,0.0,0.0,132.0,630.0,5.0,625.0,16.0,201.0,83.5,1.0,6.0,0.0,6.0,680.0,497.0,38102,631.0,16.0,38102,159.6,159.0
007358,0.0,0.0,0.0,0.0,0.0,0.0,0.0,40.0,163.0,5.0,158.0,2.0,111.0,43.6,10.0,48.0,0.0,42.0,520.0,376.0,28079,206.0,2.0,28079,37.6,32.8
007359,0.0,0.0,0.0,0.0,0.0,0.0,0.0,4.0,14.0,0.0,14.0,0.0,9.0,4.7,0.0,0.0,0.0,0.0,111.0,13.0,4010,14.0,0.0,4010,1.4000000000000001,1.4000000000000001
007361,0.0,0.0,0.0,0.0,0.0,0.0,0.0,10.0,53.0,8.0,45.0,0.0,45.0,30.7,0.0,0.0,0.0,0.0,243.0,152.0,12032,45.0,0.0,12032,4.5,4.5
007367,1.0,3.0,0.0,34.0,0.0,34.0,0.0,0.0,0.0,0.0,0.0,0.0,0.0,0.0,212.0,2598.0,19.0,1032.0,1576.0,1293.0,94313,2632.0,19.0,94315,481.16,107.36
007374,0.0,0.0,0.0,0.0,0.0,0.0,0.0,5.0,44.0,8.0,36.0,0.0,44.0,36.0,80.0,1283.0,9.0,681.0,792.0,821.0,54157,1319.0,9.0,54158,225.9,43.6
007399,0.0,0.0,0.0,0.0,0.0,0.0,0.0,4.0,6.0,1.0,5.0,0.0,6.0,4.5,0.0,0.0,0.0,0.0,89.0,135.0,6015,5.0,0.0,6015,0.5,0.5
007441,0.0,0.0,0.0,0.0,0.0,0.0,0.0,0.0,0.0,0.0,0.0,0.0,0.0,0.0,8.0,104.0,1.0,83.0,246.0,177.0,14041,104.0,1.0,14041,20.4,4.0
007457,0.0,0.0,0.0,0.0,0.0,0.0,0.0,3.0,27.0,0.0,27.0,0.0,14.0,9.0,0.0,0.0,0.0,0.0,0.0,62.0,2005,27.0,0.0,2005,2.7,2.7
007480,0.0,0.0,0.0,0.0,0.0,0.0,0.0,0.0,0.0,0.0,0.0,0.0,0.0,0.0,7.0,34.0,2.0,34.0,274.0,140.0,14049,34.0,2.0,14050,18.9,3.5
007495,0.0,0.0,0.0,0.0,0.0,0.0,0.0,6.0,28.0,0.0,28.0,0.0,28.0,28.0,0.0,0.0,0.0,0.0,207.0,143.0,12039,28.0,0.0,12040,2.8000000000000003,2.8000000000000003
007508,0.0,0.0,0.0,0.0,0.0,0.0,0.0,0.0,0.0,0.0,0.0,0.0,0.0,0.0,1.0,22.0,0.0,22.0,3.0,70.0,2005,22.0,0.0,2005,2.7,0.5
007521,1136.0,1616.0,44.0,12936.0,110.0,2244.0,90.0,440.0,2248.0,674.0,1574.0,20.0,833.0,160.8,0.0,0.0,0.0,0.0,1648.0,1370.0,104390,14510.0,130.0,104392,1366.84,1366.84
007522,26.0,49.0,2.0,371.0,2.0,120.0,5.0,27.0,124.0,37.0,87.0,1.0,48.0,16.5,0.0,0.0,0.0,0.0,171.0,116.0,10030,458.0,3.0,10030,37.540000000000006,37.540000000000006
007530,0.0,2.0,0.0,0.0,0.0,0.0,0.0,16.0,162.0,0.0,162.0,0.0,149.0,144.5,240.0,3011.0,32.0,1217.0,1500.0,1281.0,94356,3173.0,32.0,94358,629.3000000000001,136.2
007549,0.0,0.0,0.0,0.0,0.0,0.0,0.0,0.0,0.0,0.0,0.0,1.0,0.0,0.0,33.0,384.0,3.0,214.0,378.0,281.0,22067,384.0,4.0,22067,78.9,22.5
007671,0.0,0.0,0.0,0.0,0.0,0.0,0.0,1.0,5.0,0.0,5.0,0.0,5.0,5.0,0.0,0.0,0.0,0.0,24.0,26.0,2006,5.0,0.0,2006,0.5,0.5
007680,0.0,0.0,0.0,0.0,0.0,0.0,0.0,100.0,475.0,36.0,439.0,6.0,237.0,66.9,65.0,744.0,3.0,458.0,774.0,686.0,48180,1183.0,9.0,48181,204.8,112.4
007684,0.0,0.0,0.0,0.0,0.0,0.0,0.0,9.0,37.0,0.0,37.0,0.0,21.0,11.0,1.0,16.0,1.0,16.0,89.0,124.0,8030,53.0,1.0,8030,11.799999999999999,4.2
007685,0.0,0.0,0.0,0.0,0.0,0.0,0.0,0.0,0.0,0.0,0.0,0.0,0.0,0.0,43.0,563.0,2.0,225.0,357.0,311.0,22077,563.0,2.0,22077,89.8,21.5
007697,0.0,0.0,0.0,0.0,0.0,0.0,0.0,204.0,962.0,59.0,903.0,13.0,388.0,129.5,15.0,81.0,0.0,58.0,1067.0,903.0,64252,984.0,13.0,64252,183.9,175.8
007709,12.0,22.0,0.0,166.0,2.0,127.0,3.0,91.0,460.0,83.0,377.0,4.0,223.0,96.6,61.0,686.0,3.0,373.0,1093.0,903.0,70301,1229.0,9.0,70302,197.44,110.84
007720,0.0,0.0,0.0,0.0,0.0,0.0,0.0,2.0,0.0,10.0,-10.0,0.0,0.0,-5.0,0.0,0.0,0.0,0.0,58.0,14.0,2007,-10.0,0.0,2007,-1.0,-1.0
007743,0.0,0.0,0.0,0.0,0.0,0.0,0.0,0.0,0.0,0.0,0.0,0.0,0.0,0.0,23.0,281.0,5.0,206.0,331.0,262.0,22104,281.0,5.0,22104,69.60000000000001,11.5
007749,0.0,0.0,0.0,0.0,0.0,0.0,0.0,3.0,3.0,2.0,1.0,0.0,2.0,0.3,0.0,0.0,0.0,0.0,3.0,56.0,2007,1.0,0.0,2007,0.1,0.1
007823,0.0,0.0,0.0,0.0,0.0,0.0,0.0,0.0,0.0,0.0,0.0,0.0,0.0,0.0,1.0,2.0,1.0,2.0,52.0,34.0,2007,2.0,1.0,2007,6.7,0.5
007824,0.0,0.0,0.0,0.0,0.0,0.0,0.0,0.0,0.0,0.0,0.0,0.0,0.0,0.0,2.0,16.0,0.0,16.0,101.0,19.0,4016,16.0,0.0,4016,2.6,1.0
007825,0.0,0.0,0.0,0.0,0.0,0.0,0.0,2.0,0.0,10.0,-10.0,0.0,0.0,-5.0,118.0,1365.0,9.0,694.0,966.0,771.0,62279,1355.0,9.0,62280,248.5,58.0
007826,0.0,0.0,0.0,0.0,0.0,0.0,0.0,3.0,13.0,3.0,10.0,0.0,13.0,10.0,74.0,1091.0,7.0,644.0,890.0,718.0,60272,1101.0,7.0,60272,189.1,38.0
007829,0.0,0.0,0.0,0.0,0.0,0.0,0.0,68.0,383.0,3.0,380.0,1.0,207.0,124.6,21.0,159.0,0.0,97.0,795.0,499.0,46239,539.0,1.0,46239,70.4,54.5
007831,0.0,0.0,0.0,0.0,0.0,0.0,0.0,315.0,1385.0,15.0,1370.0,32.0,479.0,174.8,10.0,89.0,0.0,81.0,1238.0,1052.0,86404,1459.0,32.0,86406,342.9,334.0
007837,0.0,0.0,0.0,0.0,0.0,0.0,0.0,0.0,0.0,0.0,0.0,0.0,0.0,0.0,45.0,464.0,6.0,265.0,529.0,475.0,34148,464.0,6.0,34149,104.9,22.5
007840,0.0,0.0,0.0,0.0,0.0,0.0,0.0,0.0,0.0,0.0,0.0,0.0,0.0,0.0,35.0,430.0,3.0,244.0,414.0,319.0,24096,430.0,3.0,24097,78.5,17.5
007847,2.0,2.0,0.0,40.0,0.0,40.0,0.0,187.0,856.0,65.0,791.0,6.0,330.0,120.8,56.0,316.0,0.0,229.0,739.0,674.0,54246,1147.0,6.0,54247,176.3,144.7
007873,0.0,0.0,0.0,0.0,0.0,0.0,0.0,0.0,0.0,0.0,0.0,0.0,0.0,0.0,1.0,7.0,0.0,7.0,52.0,10.0,2008,7.0,0.0,2008,1.2000000000000002,0.5
007923,0.0,0.0,0.0,0.0,0.0,0.0,0.0,0.0,0.0,0.0,0.0,0.0,0.0,0.0,16.0,109.0,1.0,82.0,272.0,299.0,24111,109.0,1.0,24111,24.900000000000002,8.0
007988,0.0,0.0,0.0,0.0,0.0,0.0,0.0,24.0,234.0,6.0,228.0,0.0,154.0,89.3,57.0,591.0,3.0,396.0,529.0,399.0,38191,819.0,3.0,38191,128.4,51.3
007991,0.0,0.0,0.0,0.0,0.0,0.0,0.0,3.0,15.0,0.0,15.0,0.0,15.0,15.0,0.0,0.0,0.0,0.0,88.0,104.0,6028,15.0,0.0,6028,1.5,1.5
007992,0.0,0.0,0.0,0.0,0.0,0.0,0.0,94.0,697.0,12.0,685.0,4.0,454.0,261.5,12.0,92.0,0.0,86.0,926.0,889.0,68364,777.0,4.0,68365,107.7,98.5
007994,0.0,0.0,0.0,0.0,0.0,0.0,0.0,158.0,720.0,28.0,692.0,6.0,232.0,84.8,22.0,163.0,0.0,120.0,460.0,430.0,34159,855.0,6.0,34160,132.5,116.2
007997,259.0,447.0,19.0,2658.0,10.0,506.0,19.0,105.0,529.0,155.0,374.0,5.0,180.0,40.2,0.0,0.0,0.0,0.0,482.0,478.0,38184,3032.0,15.0,38184,195.72,195.72
008015,0.0,0.0,0.0,0.0,0.0,0.0,0.0,8.0,39.0,2.0,37.0,0.0,18.0,4.6,0.0,0.0,0.0,0.0,64.0,7.0,2009,37.0,0.0,2009,3.7,3.7
008028,0.0,0.0,0.0,0.0,0.0,0.0,0.0,0.0,0.0,0.0,0.0,0.0,0.0,0.0,13.0,87.0,0.0,55.0,204.0,113.0,14071,87.0,0.0,14071,15.200000000000001,6.5
008142,0.0,0.0,0.0,0.0,0.0,0.0,0.0,13.0,167.0,27.0,140.0,3.0,152.0,99.2,28.0,402.0,3.0,247.0,404.0,360.0,24141,542.0,6.0,24142,104.2,46.0
008145,0.0,0.0,0.0,0.0,0.0,0.0,0.0,1.0,5.0,0.0,5.0,0.0,5.0,5.0,0.0,0.0,0.0,0.0,37.0,21.0,2009,5.0,0.0,2010,0.5,0.5
008151,15.0,40.0,4.0,186.0,2.0,44.0,1.0,5.0,8.0,14.0,-6.0,0.0,5.0,-1.2,0.0,0.0,0.0,0.0,37.0,21.0,2009,180.0,2.0,2010,10.840000000000002,10.840000000000002
008152,0.0,0.0,0.0,0.0,0.0,0.0,0.0,0.0,0.0,0.0,0.0,0.0,0.0,0.0,1.0,4.0,0.0,4.0,37.0,21.0,2009,4.0,0.0,2010,0.9,0.5
008156,0.0,0.0,0.0,0.0,0.0,0.0,0.0,0.0,0.0,0.0,0.0,0.0,0.0,0.0,12.0,56.0,1.0,49.0,166.0,223.0,16082,56.0,1.0,16082,17.6,6.0
008158,0.0,0.0,0.0,0.0,0.0,0.0,0.0,3.0,3.0,9.0,-6.0,0.0,3.0,-6.0,188.0,2535.0,17.0,1172.0,1193.0,1103.0,84487,2529.0,17.0,84487,448.9,93.4
008159,0.0,0.0,0.0,0.0,0.0,0.0,0.0,7.0,23.0,1.0,22.0,0.0,23.0,22.0,27.0,274.0,1.0,138.0,212.0,204.0,18090,296.0,1.0,18090,49.1,15.7
008171,0.0,0.0,0.0,0.0,0.0,0.0,0.0,8.0,33.0,0.0,33.0,2.0,20.0,15.8,10.0,45.0,1.0,26.0,385.0,320.0,20111,78.0,3.0,20111,30.8,20.3
008245,0.0,0.0,0.0,0.0,0.0,0.0,0.0,0.0,0.0,0.0,0.0,0.0,0.0,0.0,3.0,27.0,1.0,27.0,104.0,68.0,6031,27.0,1.0,6031,10.2,1.5
008266,327.0,545.0,20.0,3676.0,24.0,990.0,25.0,63.0,147.0,180.0,-33.0,3.0,99.0,-21.6,0.0,0.0,0.0,0.0,854.0,707.0,60360,3643.0,27.0,60360,265.74,265.74
008269,0.0,0.0,0.0,0.0,0.0,0.0,0.0,0.0,0.0,0.0,0.0,0.0,0.0,0.0,4.0,48.0,1.0,48.0,146.0,91.0,8043,48.0,1.0,8043,12.8,2.0
008284,0.0,0.0,0.0,0.0,0.0,0.0,0.0,0.0,0.0,0.0,0.0,0.0,0.0,0.0,29.0,301.0,5.0,225.0,513.0,436.0,32184,301.0,5.0,32184,74.6,14.5
008286,0.0,0.0,0.0,0.0,0.0,0.0,0.0,0.0,0.0,0.0,0.0,0.0,0.0,0.0,67.0,1062.0,8.0,477.0,429.0,450.0,36242,1062.0,8.0,36242,187.70000000000002,33.5
008289,0.0,1.0,0.0,0.0,0.0,0.0,0.0,57.0,374.0,21.0,353.0,5.0,132.0,45.7,12.0,90.0,0.0,67.0,206.0,220.0,16088,443.0,5.0,16088,80.30000000000001,71.3
008290,0.0,0.0,0.0,0.0,0.0,0.0,0.0,584.0,2544.0,125.0,2419.0,21.0,618.0,148.6,45.0,264.0,2.0,178.0,906.0,1039.0,78495,2683.0,23.0,78495,428.8,390.4
008292,5.0,7.0,0.0,116.0,3.0,116.0,1.0,15.0,64.0,15.0,49.0,0.0,57.0,39.5,198.0,2328.0,9.0,967.0,1147.0,1189.0,88553,2493.0,12.0,88553,413.34000000000003,126.54
008293,325.0,523.0,16.0,4037.0,25.0,918.0,30.0,142.0,606.0,309.0,297.0,3.0,307.0,61.7,2.0,27.0,1.0,27.0,772.0,676.0,50290,4361.0,29.0,50290,336.88,328.18
008301,0.0,0.0,0.0,0.0,0.0,0.0,0.0,242.0,1223.0,46.0,1177.0,23.0,387.0,131.9,20.0,197.0,0.0,131.0,903.0,829.0,62377,1374.0,23.0,62377,285.40000000000003,265.7
008326,0.0,1.0,1.0,0.0,0.0,0.0,0.0,1.0,0.0,13.0,-13.0,0.0,0.0,-13.0,4.0,51.0,0.0,51.0,120.0,128.0,10055,38.0,0.0,10055,3.8,-1.3
008366,0.0,0.0,0.0,0.0,0.0,0.0,0.0,1.0,6.0,0.0,6.0,0.0,6.0,6.0,0.0,0.0,0.0,0.0,52.0,20.0,2011,6.0,0.0,2011,0.6000000000000001,0.6000000000000001
008373,0.0,0.0,0.0,0.0,0.0,0.0,0.0,0.0,0.0,0.0,0.0,0.0,0.0,0.0,1.0,3.0,0.0,3.0,17.0,5.0,2011,3.0,0.0,2011,0.8,0.5
008422,0.0,0.0,0.0,0.0,0.0,0.0,0.0,0.0,0.0,0.0,0.0,0.0,0.0,0.0,1.0,3.0,1.0,3.0,48.0,24.0,2011,3.0,1.0,2011,6.8,0.5
008428,0.0,0.0,0.0,0.0,0.0,0.0,0.0,0.0,0.0,0.0,0.0,0.0,0.0,0.0,8.0,126.0,0.0,115.0,262.0,156.0,14083,126.0,0.0,14083,16.6,4.0
008440,0.0,0.0,0.0,0.0,0.0,0.0,0.0,0.0,0.0,0.0,0.0,0.0,0.0,0.0,1.0,12.0,0.0,12.0,45.0,0.0,2012,12.0,0.0,2012,1.7000000000000002,0.5
008442,0.0,0.0,0.0,0.0,0.0,0.0,0.0,0.0,0.0,0.0,0.0,0.0,0.0,0.0,17.0,171.0,3.0,139.0,347.0,333.0,24158,171.0,3.0,24158,43.6,8.5
008448,0.0,0.0,0.0,0.0,0.0,0.0,0.0,551.0,2599.0,111.0,2488.0,17.0,820.0,186.0,50.0,411.0,1.0,275.0,1204.0,1066.0,84566,2899.0,18.0,84566,422.90000000000003,375.8
008452,0.0,0.0,0.0,0.0,0.0,0.0,0.0,58.0,432.0,35.0,397.0,1.0,339.0,162.2,82.0,806.0,2.0,475.0,1036.0,889.0,70470,1203.0,3.0,70470,179.3,86.7
008498,0.0,0.0,0.0,0.0,0.0,0.0,0.0,0.0,0.0,0.0,0.0,0.0,0.0,0.0,8.0,118.0,0.0,96.0,156.0,106.0,12075,118.0,0.0,12075,15.8,4.0
008552,0.0,0.0,0.0,0.0,0.0,0.0,0.0,0.0,0.0,0.0,0.0,0.0,0.0,0.0,1.0,3.0,1.0,3.0,33.0,7.0,2012,3.0,1.0,2012,6.8,0.5
008553,0.0,0.0,0.0,0.0,0.0,0.0,0.0,1.0,10.0,0.0,10.0,0.0,10.0,10.0,2.0,35.0,0.0,35.0,75.0,31.0,4024,45.0,0.0,4024,5.5,2.0
008592,0.0,1.0,0.0,0.0,0.0,0.0,0.0,0.0,0.0,0.0,0.0,0.0,0.0,0.0,0.0,0.0,0.0,0.0,42.0,24.0,2012,0.0,0.0,2012,0.0,0.0
008594,0.0,1.0,0.0,0.0,0.0,0.0,0.0,0.0,0.0,0.0,0.0,0.0,0.0,0.0,0.0,0.0,0.0,0.0,27.0,31.0,2012,0.0,0.0,2012,0.0,0.0
008607,0.0,0.0,0.0,0.0,0.0,0.0,0.0,0.0,0.0,0.0,0.0,0.0,0.0,0.0,37.0,361.0,1.0,220.0,263.0,271.0,22143,361.0,1.0,22143,60.6,18.5
008617,0.0,0.0,0.0,0.0,0.0,0.0,0.0,11.0,14.0,4.0,10.0,0.0,8.0,0.5,0.0,0.0,0.0,0.0,111.0,47.0,6039,10.0,0.0,6039,1.0,1.0
008629,0.0,0.0,0.0,0.0,0.0,0.0,0.0,2.0,24.0,5.0,19.0,0.0,24.0,19.0,59.0,779.0,4.0,496.0,609.0,627.0,50349,798.0,4.0,50349,133.3,31.4
008631,0.0,0.0,0.0,0.0,0.0,0.0,0.0,0.0,0.0,0.0,0.0,0.0,0.0,0.0,12.0,81.0,1.0,63.0,156.0,204.0,16110,81.0,1.0,16110,20.1,6.0
008632,0.0,0.0,0.0,0.0,0.0,0.0,0.0,1.0,19.0,0.0,19.0,0.0,19.0,19.0,4.0,44.0,1.0,44.0,127.0,149.0,10070,63.0,1.0,10070,14.3,3.9000000000000004
008668,281.0,499.0,13.0,3038.0,17.0,748.0,33.0,256.0,1298.0,332.0,966.0,24.0,538.0,147.3,0.0,0.0,0.0,0.0,1084.0,998.0,78574,4004.0,41.0,78574,438.12,438.12
008734,0.0,0.0,0.0,0.0,0.0,0.0,0.0,0.0,0.0,0.0,0.0,0.0,0.0,0.0,35.0,457.0,2.0,353.0,655.0,539.0,46369,457.0,2.0,46369,75.2,17.5
008744,0.0,0.0,0.0,0.0,0.0,0.0,0.0,0.0,0.0,0.0,0.0,0.0,0.0,0.0,43.0,461.0,3.0,285.0,537.0,537.0,36276,461.0,3.0,36276,85.60000000000001,21.5
008754,0.0,0.0,0.0,0.0,0.0,0.0,0.0,0.0,0.0,0.0,0.0,0.0,0.0,0.0,1.0,7.0,0.0,7.0,0.0,23.0,2014,7.0,0.0,2014,1.2000000000000002,0.5
008760,0.0,0.0,0.0,0.0,0.0,0.0,0.0,3.0,41.0,0.0,41.0,0.0,40.0,41.0,55.0,806.0,7.0,429.0,661.0,615.0,42320,847.0,7.0,42320,154.20000000000002,31.6
008776,0.0,0.0,0.0,0.0,0.0,0.0,0.0,0.0,-12.0,0.0,-12.0,0.0,0.0,0.0,48.0,551.0,3.0,318.0,611.0,506.0,40327,539.0,3.0,40327,95.89999999999999,22.8
008803,0.0,0.0,0.0,0.0,0.0,0.0,0.0,431.0,2804.0,59.0,2745.0,20.0,761.0,142.6,13.0,146.0,0.0,118.0,815.0,600.0,50382,2891.0,20.0,50382,415.6,401.0
008860,0.0,0.0,0.0,0.0,0.0,0.0,0.0,0.0,0.0,0.0,0.0,0.0,0.0,0.0,40.0,440.0,4.0,349.0,748.0,584.0,48405,440.0,4.0,48406,88.0,20.0
008861,0.0,1.0,0.0,0.0,0.0,0.0,0.0,1.0,0.0,2.0,-2.0,0.0,0.0,-2.0,63.0,896.0,5.0,710.0,975.0,803.0,58470,894.0,5.0,58470,150.9,31.3
008862,0.0,0.0,0.0,0.0,0.0,0.0,0.0,6.0,34.0,0.0,34.0,1.0,34.0,33.0,31.0,264.0,4.0,156.0,350.0,235.0,22181,298.0,5.0,22181,75.3,24.9
008863,0.0,1.0,0.0,0.0,0.0,0.0,0.0,108.0,477.0,22.0,455.0,6.0,157.0,47.3,20.0,211.0,2.0,149.0,427.0,342.0,30247,666.0,8.0,30247,124.60000000000001,91.5
008867,95.0,163.0,5.0,1243.0,5.0,436.0,28.0,159.0,817.0,217.0,600.0,5.0,252.0,48.3,58.0,540.0,4.0,389.0,1304.0,987.0,82673,2383.0,14.0,82674,266.72,188.72
008871,0.0,0.0,0.0,0.0,0.0,0.0,0.0,0.0,0.0,0.0,0.0,0.0,0.0,0.0,10.0,178.0,2.0,177.0,299.0,216.0,18136,178.0,2.0,18136,34.8,5.0
008889,0.0,0.0,0.0,0.0,0.0,0.0,0.0,96.0,697.0,2.0,695.0,7.0,217.0,55.6,3.0,31.0,0.0,28.0,349.0,257.0,18141,726.0,7.0,18141,116.10000000000001,113.0
008894,0.0,0.0,0.0,0.0,0.0,0.0,0.0,1.0,9.0,0.0,9.0,0.0,9.0,9.0,0.0,0.0,0.0,0.0,27.0,30.0,2015,9.0,0.0,2015,0.9,0.9
008901,0.0,0.0,0.0,0.0,0.0,0.0,0.0,0.0,0.0,0.0,0.0,0.0,0.0,0.0,1.0,-2.0,0.0,0.0,50.0,7.0,2015,-2.0,0.0,2015,0.3,0.5
008935,0.0,0.0,0.0,0.0,0.0,0.0,0.0,0.0,0.0,0.0,0.0,0.0,0.0,0.0,1.0,4.0,0.0,4.0,24.0,0.0,2015,4.0,0.0,2015,0.9,0.5
008950,0.0,0.0,0.0,0.0,0.0,0.0,0.0,0.0,0.0,0.0,0.0,0.0,0.0,0.0,4.0,23.0,0.0,10.0,76.0,43.0,4030,23.0,0.0,4030,4.3,2.0
008955,0.0,0.0,0.0,0.0,0.0,0.0,0.0,1.0,1.0,0.0,1.0,0.0,1.0,1.0,0.0,0.0,0.0,0.0,59.0,20.0,2015,1.0,0.0,2015,0.1,0.1
008956,0.0,0.0,0.0,0.0,0.0,0.0,0.0,2.0,10.0,0.0,10.0,0.0,10.0,5.0,0.0,0.0,0.0,0.0,59.0,20.0,2015,10.0,0.0,2015,1.0,1.0
008957,0.0,0.0,0.0,0.0,0.0,0.0,0.0,12.0,66.0,7.0,59.0,0.0,52.0,16.9,0.0,0.0,0.0,0.0,135.0,110.0,6049,59.0,0.0,6049,5.9,5.9
008964,0.0,0.0,0.0,0.0,0.0,0.0,0.0,0.0,0.0,0.0,0.0,0.0,0.0,0.0,1.0,5.0,0.0,5.0,38.0,20.0,2015,5.0,0.0,2015,1.0,0.5
008995,403.0,648.0,16.0,4636.0,30.0,989.0,54.0,168.0,595.0,327.0,268.0,4.0,246.0,34.0,0.0,0.0,0.0,0.0,656.0,634.0,46381,4904.0,34.0,46381,384.24,384.24
008997,0.0,0.0,0.0,0.0,0.0,0.0,0.0,0.0,0.0,0.0,0.0,0.0,0.0,0.0,33.0,358.0,0.0,197.0,411.0,350.0,24192,358.0,0.0,24192,52.300000000000004,16.5
009006,0.0,0.0,0.0,0.0,0.0,0.0,0.0,0.0,-7.0,0.0,-7.0,0.0,0.0,0.0,188.0,2624.0,15.0,1038.0,1273.0,1111.0,84732,2617.0,15.0,84733,445.70000000000005,93.3
009007,4.0,7.0,0.0,45.0,1.0,43.0,0.0,12.0,66.0,0.0,66.0,2.0,41.0,36.3,125.0,1622.0,10.0,640.0,775.0,704.0,54471,1733.0,13.0,54472,311.1,88.9
009014,0.0,0.0,0.0,0.0,0.0,0.0,0.0,3.0,4.0,1.0,3.0,0.0,3.0,1.0,0.0,0.0,0.0,0.0,41.0,7.0,2016,3.0,0.0,2016,0.30000000000000004,0.30000000000000004
009016,0.0,0.0,0.0,0.0,0.0,0.0,0.0,130.0,494.0,26.0,468.0,5.0,185.0,69.3,11.0,63.0,1.0,47.0,635.0,559.0,42348,531.0,6.0,42348,94.60000000000001,82.3
009023,2.0,2.0,0.0,14.0,0.0,14.0,0.0,11.0,44.0,10.0,34.0,1.0,40.0,23.7,176.0,2468.0,16.0,1198.0,1369.0,1243.0,90795,2516.0,17.0,90796,440.76,97.96000000000001
009040,0.0,0.0,0.0,0.0,0.0,0.0,0.0,1.0,6.0,0.0,6.0,0.0,6.0,6.0,0.0,0.0,0.0,0.0,49.0,31.0,2016,6.0,0.0,2016,0.6000000000000001,0.6000000000000001
009156,0.0,0.0,0.0,0.0,0.0,0.0,0.0,0.0,0.0,0.0,0.0,0.0,0.0,0.0,4.0,18.0,0.0,8.0,41.0,51.0,2017,18.0,0.0,2017,3.8,2.0
009158,0.0,0.0,0.0,0.0,0.0,0.0,0.0,7.0,31.0,7.0,24.0,0.0,25.0,14.5,35.0,388.0,0.0,179.0,259.0,236.0,20170,412.0,0.0,20170,58.7,19.900000000000002
009173,0.0,0.0,0.0,0.0,0.0,0.0,0.0,53.0,263.0,11.0,252.0,3.0,121.0,44.3,6.0,31.0,1.0,38.0,223.0,213.0,18153,283.0,4.0,18153,55.300000000000004,46.2
009175,0.0,0.0,0.0,0.0,0.0,0.0,0.0,139.0,613.0,24.0,589.0,5.0,254.0,85.3,16.0,159.0,1.0,130.0,614.0,516.0,44392,748.0,6.0,44392,118.80000000000001,96.9
009178,923.0,1476.0,27.0,11436.0,94.0,1936.0,92.0,554.0,2598.0,695.0,1903.0,33.0,700.0,157.8,9.0,115.0,0.0,112.0,1467.0,1317.0,92852,13454.0,127.0,92853,1371.74,1360.24
009179,0.0,0.0,0.0,0.0,0.0,0.0,0.0,1.0,2.0,0.0,2.0,0.0,2.0,2.0,59.0,611.0,8.0,438.0,1133.0,960.0,66637,613.0,8.0,66637,138.8,29.7
009228,0.0,0.0,0.0,0.0,0.0,0.0,0.0,0.0,4.0,0.0,4.0,0.0,0.0,0.0,0.0,0.0,0.0,0.0,24.0,29.0,2017,4.0,0.0,2017,0.4,0.4
009288,0.0,0.0,0.0,0.0,0.0,0.0,0.0,0.0,0.0,0.0,0.0,0.0,0.0,0.0,3.0,33.0,1.0,33.0,53.0,88.0,6051,33.0,1.0,6051,10.8,1.5
009310,0.0,0.0,0.0,0.0,0.0,0.0,0.0,1.0,7.0,0.0,7.0,0.0,7.0,7.0,2.0,14.0,0.0,9.0,23.0,27.0,2017,21.0,0.0,2017,3.1000000000000005,1.7000000000000002
009332,0.0,0.0,0.0,0.0,0.0,0.0,0.0,4.0,14.0,6.0,8.0,0.0,8.0,4.0,4.0,5.0,0.0,20.0,125.0,103.0,10090,13.0,0.0,10090,3.3000000000000003,2.8
009335,1.0,1.0,0.0,21.0,0.0,21.0,0.0,185.0,803.0,17.0,786.0,3.0,201.0,56.5,22.0,143.0,3.0,117.0,426.0,371.0,28252,950.0,6.0,28253,140.74,108.44
009336,0.0,1.0,0.0,0.0,0.0,0.0,0.0,339.0,1870.0,59.0,1811.0,11.0,596.0,167.5,67.0,515.0,6.0,345.0,1087.0,928.0,64601,2326.0,17.0,64602,368.1,280.6
009353,0.0,0.0,0.0,0.0,0.0,0.0,0.0,0.0,0.0,0.0,0.0,0.0,0.0,0.0,61.0,1026.0,11.0,589.0,757.0,670.0,44426,1026.0,11.0,44426,199.1,30.5
009355,0.0,1.0,0.0,0.0,0.0,0.0,0.0,1.0,0.0,1.0,-1.0,0.0,0.0,-1.0,61.0,790.0,13.0,452.0,779.0,602.0,42421,789.0,13.0,42421,187.4,30.4
009434,0.0,0.0,0.0,0.0,0.0,0.0,0.0,0.0,60.0,0.0,60.0,0.0,0.0,0.0,24.0,292.0,4.0,195.0,470.0,461.0,30289,352.0,4.0,30289,71.2,18.0
009485,0.0,0.0,0.0,0.0,0.0,0.0,0.0,4.0,20.0,0.0,20.0,0.0,20.0,20.0,48.0,568.0,9.0,313.0,446.0,449.0,28272,588.0,9.0,28272,136.8,26.0
009488,0.0,0.0,0.0,0.0,0.0,0.0,0.0,0.0,0.0,0.0,0.0,0.0,0.0,0.0,2.0,19.0,0.0,19.0,58.0,62.0,4038,19.0,0.0,4038,2.9000000000000004,1.0
009489,0.0,0.0,0.0,0.0,0.0,0.0,0.0,7.0,80.0,4.0,76.0,1.0,80.0,68.0,141.0,1757.0,5.0,853.0,1343.0,1086.0,80872,1833.0,6.0,80873,289.8,84.1
009491,1.0,2.0,0.0,2.0,0.0,2.0,0.0,392.0,2244.0,54.0,2190.0,23.0,792.0,270.0,56.0,420.0,3.0,323.0,1557.0,1338.0,92942,2612.0,26.0,92942,445.08,385.08
009493,185.0,290.0,9.0,2422.0,30.0,584.0,18.0,73.0,335.0,125.0,210.0,5.0,200.0,52.3,0.0,0.0,0.0,0.0,733.0,544.0,38388,2632.0,35.0,38388,309.88,309.88
009499,0.0,0.0,0.0,0.0,0.0,0.0,0.0,0.0,0.0,0.0,0.0,0.0,0.0,0.0,1.0,7.0,0.0,7.0,38.0,45.0,2019,7.0,0.0,2019,1.2000000000000002,0.5
009508,0.0,0.0,0.0,0.0,0.0,0.0,0.0,0.0,0.0,0.0,0.0,0.0,0.0,0.0,7.0,89.0,1.0,66.0,208.0,180.0,10097,89.0,1.0,10097,18.400000000000002,3.5
009512,0.0,0.0,0.0,0.0,0.0,0.0,0.0,0.0,0.0,0.0,0.0,0.0,0.0,0.0,1.0,37.0,0.0,37.0,13.0,48.0,2019,37.0,0.0,2019,4.2,0.5
009540,0.0,0.0,0.0,0.0,0.0,0.0,0.0,1.0,12.0,0.0,12.0,1.0,12.0,12.0,0.0,0.0,0.0,0.0,31.0,42.0,2019,12.0,1.0,2019,7.2,7.2
009567,0.0,0.0,0.0,0.0,0.0,0.0,0.0,1.0,3.0,0.0,3.0,0.0,3.0,3.0,0.0,0.0,0.0,0.0,37.0,27.0,2019,3.0,0.0,2019,0.30000000000000004,0.30000000000000004
009588,0.0,0.0,0.0,0.0,0.0,0.0,0.0,0.0,0.0,0.0,0.0,0.0,0.0,0.0,5.0,49.0,0.0,34.0,70.0,86.0,6058,49.0,0.0,6058,7.400000000000001,2.5
009601,0.0,0.0,0.0,0.0,0.0,0.0,0.0,0.0,0.0,0.0,0.0,0.0,0.0,0.0,19.0,248.0,3.0,194.0,515.0,452.0,28286,248.0,3.0,28286,52.300000000000004,9.5
009614,0.0,0.0,0.0,0.0,0.0,0.0,0.0,0.0,0.0,0.0,0.0,0.0,0.0,0.0,2.0,13.0,0.0,13.0,94.0,73.0,4039,13.0,0.0,4039,2.3000000000000003,1.0
009624,0.0,0.0,0.0,0.0,0.0,0.0,0.0,1.0,9.0,0.0,9.0,0.0,9.0,9.0,11.0,83.0,1.0,55.0,261.0,224.0,12121,92.0,1.0,12121,20.7,6.4
009627,0.0,0.0,0.0,0.0,0.0,0.0,0.0,0.0,0.0,0.0,0.0,0.0,0.0,0.0,11.0,129.0,2.0,73.0,163.0,112.0,8080,129.0,2.0,8080,30.400000000000002,5.5
009628,0.0,0.0,0.0,0.0,0.0,0.0,0.0,0.0,0.0,0.0,0.0,0.0,0.0,0.0,10.0,240.0,1.0,188.0,207.0,133.0,12120,240.0,1.0,12120,35.0,5.0
009631,0.0,0.0,0.0,0.0,0.0,0.0,0.0,2.0,5.0,0.0,5.0,0.0,3.0,2.5,0.0,0.0,0.0,0.0,59.0,3.0,2020,5.0,0.0,2020,0.5,0.5
009632,0.0,0.0,0.0,0.0,0.0,0.0,0.0,539.0,3496.0,86.0,3410.0,33.0,970.0,203.5,60.0,805.0,8.0,524.0,1083.0,943.0,62654,4215.0,41.0,62654,697.5,569.0
009633,0.0,0.0,0.0,0.0,0.0,0.0,0.0,0.0,0.0,0.0,0.0,0.0,0.0,0.0,2.0,11.0,0.0,10.0,59.0,3.0,2020,11.0,0.0,2020,2.1,1.0
009637,127.0,194.0,2.0,1523.0,11.0,368.0,17.0,47.0,204.0,130.0,74.0,1.0,145.0,42.3,0.0,0.0,0.0,0.0,606.0,378.0,30319,1597.0,12.0,30319,136.32,136.32
009688,0.0,0.0,0.0,0.0,0.0,0.0,0.0,0.0,0.0,0.0,0.0,0.0,0.0,0.0,12.0,176.0,1.0,147.0,280.0,205.0,16166,176.0,1.0,16166,29.6,6.0
009696,0.0,0.0,0.0,0.0,0.0,0.0,0.0,1.0,0.0,2.0,-2.0,0.0,0.0,-2.0,0.0,0.0,0.0,0.0,34.0,34.0,2020,-2.0,0.0,2020,-0.2,-0.2
009721,1.0,1.0,0.0,5.0,0.0,5.0,0.0,1.0,2.0,0.0,2.0,0.0,2.0,2.0,0.0,0.0,0.0,0.0,51.0,47.0,4041,7.0,0.0,4041,0.4,0.4
009733,0.0,0.0,0.0,0.0,0.0,0.0,0.0,2.0,5.0,0.0,5.0,0.0,3.0,2.5,0.0,0.0,0.0,0.0,31.0,69.0,2020,5.0,0.0,2020,0.5,0.5
009739,0.0,0.0,0.0,0.0,0.0,0.0,0.0,0.0,0.0,0.0,0.0,0.0,0.0,0.0,1.0,11.0,0.0,11.0,23.0,55.0,2020,11.0,0.0,2020,1.6,0.5
009744,0.0,0.0,0.0,0.0,0.0,0.0,0.0,1.0,7.0,0.0,7.0,0.0,7.0,7.0,0.0,0.0,0.0,0.0,23.0,55.0,2020,7.0,0.0,2020,0.7000000000000001,0.7000000000000001
009747,0.0,0.0,0.0,0.0,0.0,0.0,0.0,5.0,29.0,0.0,29.0,0.0,15.0,5.8,0.0,0.0,0.0,0.0,23.0,55.0,2020,29.0,0.0,2020,2.9000000000000004,2.9000000000000004
009757,2.0,3.0,0.0,68.0,1.0,68.0,0.0,7.0,56.0,0.0,56.0,0.0,56.0,56.0,197.0,2755.0,26.0,1259.0,1288.0,1003.0,78860,2879.0,27.0,78861,544.32,112.82000000000001
009759,0.0,0.0,0.0,0.0,0.0,0.0,0.0,82.0,561.0,19.0,542.0,6.0,361.0,150.6,35.0,332.0,3.0,272.0,1047.0,736.0,62682,874.0,9.0,62682,158.9,107.7
009766,0.0,0.0,0.0,0.0,0.0,0.0,0.0,1.0,3.0,0.0,3.0,0.0,3.0,3.0,1.0,0.0,0.0,0.0,71.0,45.0,4042,3.0,0.0,4042,0.8,0.8
009777,0.0,0.0,0.0,0.0,0.0,0.0,0.0,0.0,0.0,0.0,0.0,0.0,0.0,0.0,18.0,277.0,2.0,152.0,397.0,282.0,20210,277.0,2.0,20210,48.7,9.0
009784,0.0,0.0,0.0,0.0,0.0,0.0,0.0,10.0,38.0,1.0,37.0,0.0,16.0,6.1,0.0,0.0,0.0,0.0,128.0,35.0,4042,37.0,0.0,4042,3.7,3.7
009785,0.0,0.0,0.0,0.0,0.0,0.0,0.0,238.0,1506.0,27.0,1479.0,16.0,499.0,103.6,28.0,335.0,2.0,245.0,563.0,462.0,34381,1814.0,18.0,34381,303.4,257.9
009851,0.0,0.0,0.0,0.0,0.0,0.0,0.0,0.0,0.0,0.0,0.0,0.0,0.0,0.0,0.0,0.0,0.0,0.0,30.0,7.0,2021,0.0,0.0,2021,0.0,0.0
009891,1.0,1.0,0.0,25.0,0.0,25.0,0.0,30.0,149.0,18.0,131.0,1.0,71.0,29.9,6.0,34.0,0.0,22.0,448.0,335.0,28318,190.0,1.0,28318,26.5,23.1
009892,0.0,0.0,0.0,0.0,0.0,0.0,0.0,0.0,0.0,0.0,0.0,0.0,0.0,0.0,19.0,236.0,2.0,159.0,430.0,359.0,28318,236.0,2.0,28319,45.1,9.5
009893,0.0,0.0,0.0,0.0,0.0,0.0,0.0,0.0,0.0,0.0,0.0,0.0,0.0,0.0,1.0,9.0,0.0,9.0,52.0,10.0,2022,9.0,0.0,2022,1.4,0.5
009895,0.0,0.0,0.0,0.0,0.0,0.0,0.0,0.0,0.0,0.0,0.0,0.0,0.0,0.0,9.0,214.0,0.0,155.0,298.0,166.0,16177,214.0,0.0,16177,25.900000000000002,4.5
009896,0.0,0.0,0.0,0.0,0.0,0.0,0.0,1.0,12.0,0.0,12.0,0.0,12.0,12.0,99.0,1295.0,7.0,572.0,813.0,682.0,54608,1307.0,7.0,54609,222.20000000000002,50.7
009897,0.0,0.0,0.0,0.0,0.0,0.0,0.0,80.0,442.0,11.0,431.0,3.0,217.0,66.2,14.0,135.0,1.0,62.0,431.0,341.0,28319,566.0,4.0,28320,87.6,68.10000000000001
009898,0.0,0.0,0.0,0.0,0.0,0.0,0.0,0.0,0.0,0.0,0.0,0.0,0.0,0.0,2.0,10.0,0.0,6.0,52.0,10.0,2022,10.0,0.0,2022,2.0,1.0
009905,444.0,690.0,12.0,5656.0,37.0,889.0,38.0,83.0,281.0,258.0,23.0,6.0,179.0,-4.199999999999999,1.0,3.0,0.0,3.0,629.0,572.0,44496,5682.0,43.0,44497,463.34,463.03999999999996
009928,0.0,0.0,0.0,0.0,0.0,0.0,0.0,0.0,0.0,0.0,0.0,0.0,0.0,0.0,1.0,7.0,0.0,7.0,75.0,54.0,4044,7.0,0.0,4044,1.2000000000000002,0.5
009932,0.0,0.0,0.0,0.0,0.0,0.0,0.0,0.0,0.0,0.0,0.0,0.0,0.0,0.0,2.0,40.0,0.0,40.0,150.0,126.0,10110,40.0,0.0,10110,5.0,1.0
009971,0.0,0.0,0.0,0.0,0.0,0.0,0.0,0.0,0.0,0.0,0.0,0.0,0.0,0.0,1.0,32.0,0.0,32.0,51.0,51.0,4044,32.0,0.0,4044,3.7,0.5
009976,0.0,0.0,0.0,0.0,0.0,0.0,0.0,0.0,0.0,0.0,0.0,0.0,0.0,0.0,3.0,38.0,0.0,25.0,78.0,85.0,6066,38.0,0.0,6066,5.300000000000001,1.5
010035,0.0,0.0,0.0,0.0,0.0,0.0,0.0,0.0,0.0,0.0,0.0,0.0,0.0,0.0,1.0,14.0,0.0,14.0,37.0,10.0,2023,14.0,0.0,2023,1.9000000000000001,0.5
010036,0.0,0.0,0.0,0.0,0.0,0.0,0.0,2.0,5.0,4.0,1.0,0.0,5.0,1.0,55.0,845.0,11.0,357.0,445.0,321.0,28322,846.0,11.0,28323,178.1,27.6
010037,0.0,0.0,0.0,0.0,0.0,0.0,0.0,0.0,0.0,0.0,0.0,0.0,0.0,0.0,8.0,136.0,0.0,130.0,279.0,159.0,16184,136.0,0.0,16184,17.6,4.0
010042,0.0,0.0,0.0,0.0,0.0,0.0,0.0,138.0,680.0,21.0,659.0,5.0,219.0,64.1,24.0,156.0,0.0,107.0,414.0,311.0,26299,815.0,5.0,26300,123.5,107.9
010047,40.0,71.0,3.0,477.0,3.0,113.0,1.0,1.0,0.0,18.0,-18.0,0.0,0.0,-18.0,0.0,0.0,0.0,0.0,184.0,136.0,12138,459.0,3.0,12138,29.28,29.28
010064,0.0,0.0,0.0,0.0,0.0,0.0,0.0,1.0,1.0,0.0,1.0,1.0,1.0,1.0,1.0,1.0,1.0,1.0,68.0,41.0,4046,2.0,2.0,4047,12.7,6.6
010077,0.0,0.0,0.0,0.0,0.0,0.0,0.0,0.0,0.0,0.0,0.0,0.0,0.0,0.0,0.0,0.0,0.0,0.0,63.0,45.0,4046,0.0,0.0,4046,0.0,0.0
010097,0.0,0.0,0.0,0.0,0.0,0.0,0.0,12.0,73.0,0.0,73.0,1.0,34.0,13.3,0.0,0.0,0.0,0.0,146.0,42.0,6069,73.0,1.0,6069,13.299999999999999,13.299999999999999
010117,1.0,1.0,0.0,1.0,0.0,1.0,0.0,0.0,0.0,0.0,0.0,0.0,0.0,0.0,0.0,0.0,0.0,0.0,24.0,31.0,2023,1.0,0.0,2023,0.04,0.04
010127,0.0,0.0,0.0,0.0,0.0,0.0,0.0,0.0,0.0,0.0,0.0,0.0,0.0,0.0,1.0,1.0,0.0,1.0,24.0,31.0,2023,1.0,0.0,2023,0.6,0.5
010184,2.0,5.0,0.0,30.0,0.0,17.0,0.0,3.0,17.0,10.0,7.0,0.0,12.0,2.3,0.0,0.0,0.0,0.0,57.0,7.0,2023,37.0,0.0,2023,1.9,1.9
010188,0.0,0.0,0.0,0.0,0.0,0.0,0.0,0.0,0.0,0.0,0.0,0.0,0.0,0.0,1.0,2.0,1.0,2.0,49.0,21.0,2023,2.0,1.0,2023,6.7,0.5
010204,0.0,0.0,0.0,0.0,0.0,0.0,0.0,0.0,0.0,0.0,0.0,0.0,0.0,0.0,1.0,6.0,0.0,6.0,37.0,31.0,2023,6.0,0.0,2024,1.1,0.5
